<?xml version="1.0"?>
<COLLADA xmlns="http://www.collada.org/2005/11/COLLADASchema" version="1.4.1">
	<asset>
		<contributor>
			<author>Assimp</author>
			<authoring_tool>Assimp Exporter</authoring_tool>
		</contributor>
		<created>2025-06-11T14:57:46</created>
		<modified>2025-06-11T14:57:46</modified>
		<unit name="meter" meter="0.010000" />
		<up_axis>Y_UP</up_axis>
	</asset>
	<library_effects>
		<effect id="standardSurface1-fx" name="standardSurface1">
			<profile_COMMON>
				<technique sid="standard">
					<phong>
						<diffuse>
							<color sid="diffuse">0.400000   0.400000   0.400000   1.000000</color>
						</diffuse>
					</phong>
				</technique>
			</profile_COMMON>
		</effect>
		<effect id="lambert2-fx" name="lambert2">
			<profile_COMMON>
				<technique sid="standard">
					<phong>
						<diffuse>
							<color sid="diffuse">0.500000   0.500000   0.500000   1.000000</color>
						</diffuse>
					</phong>
				</technique>
			</profile_COMMON>
		</effect>
	</library_effects>
	<library_materials>
		<material id="standardSurface1" name="standardSurface1">
			<instance_effect url="#standardSurface1-fx"/>
		</material>
		<material id="lambert2" name="lambert2">
			<instance_effect url="#lambert2-fx"/>
		</material>
	</library_materials>
	<library_geometries>
		<geometry id="meshId0" name="meshId0_name" >
			<mesh>
				<source id="meshId0-positions" name="meshId0-positions">
					<float_array id="meshId0-positions-array" count="678"> 
						-42.203327 77.094177 52.752842 -42.150417 75.665504 52.160557 42.145069 75.665222 52.161339 42.203327 77.093216 52.752842 -42.150417 75.665504 52.160557 -42.022682 75.073730 50.730667 42.004429 75.073730 50.733334 42.145069 75.665222 52.161339 -50.733334 75.073730 42.004429 -52.161339 75.665222 42.145069 -52.160557 75.665504 -42.150417 -50.730667 75.073730 -42.022682 -52.161339 75.665222 42.145069 -52.752842 77.093216 42.203327 -52.752842 77.094177 -42.203327 -52.160557 75.665504 -42.150417 -42.004429 75.073730 -50.733334 -42.145069 75.665222 -52.161339 42.150417 75.665504 -52.160557 42.022682 75.073730 -50.730667 -42.145069 75.665222 -52.161339 -42.203327 77.093216 -52.752842 42.203327 77.094177 -52.752842 42.150417 75.665504 -52.160557 52.752842 77.094177 42.203327 52.160557 75.665504 42.150417 52.161339 75.665222 -42.145069 52.752842 77.093216 -42.203327 52.160557 75.665504 42.150417 50.730667 75.073730 42.022682 50.733334 75.073730 -42.004429 52.161339 75.665222 -42.145069 50.042084 75.073730 45.470463 48.194202 75.073730 48.222652 45.452480 75.073730 50.047474 -45.470463 75.073730 50.042084 -48.222652 75.073730 48.194202 -50.047474 75.073730 45.452480 -50.038635 75.073730 -45.469074 -48.191338 75.073730 -48.219852 -45.452480 75.073730 -50.047474 45.469074 75.073730 -50.038635 48.219852 75.073730 -48.191338 50.047474 75.073730 -45.452480 46.009663 75.665222 51.392632 46.240452 77.093216 51.949810 46.009663 75.665222 51.392632 -51.392632 75.665222 46.009663 -51.949810 77.093216 46.240452 -51.392632 75.665222 46.009663 -51.390041 75.665245 -46.014519 -51.949810 77.093262 -46.240452 -51.390041 75.665245 -46.014519 46.014519 75.665245 -51.390041 46.240452 77.093262 -51.949810 46.014519 75.665245 -51.390041 -49.241100 75.665245 49.232765 -49.662956 77.093277 49.662956 -49.241100 75.665245 49.232765 -46.014931 75.665245 51.391052 -46.240452 77.093262 51.949810 -46.014931 75.665245 51.391052 49.232765 75.665245 49.241100 49.662956 77.093277 49.662956 
						49.232765 75.665245 49.241100 51.391052 75.665245 46.014931 51.949810 77.093262 46.240452 51.391052 75.665245 46.014931 -49.231934 75.665245 -49.240280 -49.662956 77.093277 -49.662956 -49.231934 75.665245 -49.240280 -46.009663 75.665222 -51.392632 -46.240452 77.093216 -51.949810 -46.009663 75.665222 -51.392632 49.240280 75.665245 -49.231934 49.662956 77.093277 -49.662956 49.240280 75.665245 -49.231934 51.392632 75.665222 -46.009663 51.949810 77.093216 -46.240452 51.392632 75.665222 -46.009663 50.038635 132.414108 -45.469074 48.191338 132.414108 -48.219852 45.452480 132.414108 -50.047474 42.004429 132.414108 -50.733334 -42.022682 132.414108 -50.730667 -45.469074 132.414108 -50.038635 -48.219852 132.414108 -48.191338 -50.047474 132.414108 -45.452480 -50.733334 132.414108 -42.004429 -50.730667 132.414108 42.022682 -50.038635 132.414108 45.469074 -48.191338 132.414108 48.219852 -45.452480 132.414108 50.047474 -42.004429 132.414108 50.733334 42.022682 132.414108 50.730667 45.469074 132.414108 50.038635 48.219852 132.414108 48.191338 50.047474 132.414108 45.452480 50.733334 132.414108 42.004429 50.730667 132.414108 -42.022682 -42.203327 130.394592 52.752842 -42.203327 114.404465 52.752842 42.203327 114.403526 52.752842 42.203327 130.393661 52.752842 42.203327 114.404465 -52.752842 -42.203327 114.403526 -52.752842 -42.203327 130.393661 -52.752842 42.203327 130.394592 -52.752842 52.752842 130.394592 42.203327 52.752842 114.404465 42.203327 52.752842 114.403526 -42.203327 52.752842 130.393661 -42.203327 -52.752842 130.394592 -42.203327 -52.752842 114.404465 -42.203327 -52.752842 114.403526 42.203327 -52.752842 130.393661 42.203327 -51.949810 114.404137 46.240452 -51.949810 130.394531 46.240452 -49.662956 114.404152 49.662956 -49.662956 130.394531 49.662956 -49.662956 114.404152 49.662956 -46.240452 114.404190 51.949810 -46.240452 130.394592 51.949810 -49.662956 130.394531 49.662956 46.240452 114.404137 51.949810 46.240452 130.394531 51.949810 49.662956 114.404152 49.662956 49.662956 130.394531 49.662956 
						51.949810 114.404190 46.240452 51.949810 130.394592 46.240452 -51.949810 130.394592 -46.240452 -51.949810 114.404190 -46.240452 -49.662956 130.394531 -49.662956 -49.662956 114.404152 -49.662956 -46.240452 130.394531 -51.949810 -46.240452 114.404137 -51.949810 46.240452 130.394592 -51.949810 46.240452 114.404190 -51.949810 49.662956 130.394531 -49.662956 49.662956 114.404152 -49.662956 49.662956 130.394531 -49.662956 51.949810 130.394531 -46.240452 51.949810 114.404137 -46.240452 49.662956 114.404152 -49.662956 -52.160557 131.822327 42.150417 -51.390041 131.822601 46.014519 -52.160557 131.822327 42.150417 -52.752842 130.393661 42.203327 -51.949810 130.394531 46.240452 -51.390041 131.822601 46.014519 -52.161339 131.822601 -42.145069 -52.752842 130.394592 -42.203327 -52.161339 131.822601 -42.145069 -42.145069 131.822601 52.161339 42.150417 131.822327 52.160557 -42.145069 131.822601 52.161339 -42.203327 130.394592 52.752842 42.203327 130.393661 52.752842 42.150417 131.822327 52.160557 46.014519 131.822601 51.390041 46.240452 130.394531 51.949810 46.014519 131.822601 51.390041 52.161339 131.822601 42.145069 52.160557 131.822327 -42.150417 52.161339 131.822601 42.145069 52.752842 130.394592 42.203327 52.752842 130.393661 -42.203327 52.160557 131.822327 -42.150417 51.390041 131.822601 -46.014519 51.949810 130.394531 -46.240452 51.390041 131.822601 -46.014519 -42.150417 131.822327 -52.160557 -46.014519 131.822601 -51.390041 -42.150417 131.822327 -52.160557 -42.203327 130.393661 -52.752842 -46.240452 130.394531 -51.949810 -46.014519 131.822601 -51.390041 42.145069 131.822601 -52.161339 42.203327 130.394592 -52.752842 42.145069 131.822601 -52.161339 -49.231934 131.822601 49.240280 -49.662956 130.394531 49.662956 -49.231934 131.822601 49.240280 -46.009663 131.822601 51.392632 -46.240452 130.394592 51.949810 -46.009663 131.822601 51.392632 49.240280 131.822601 49.231934 49.662956 130.394531 49.662956 49.240280 131.822601 49.231934 51.392632 131.822601 46.009663 51.949810 130.394592 46.240452 51.392632 131.822601 46.009663 
						-51.392632 131.822601 -46.009663 -51.949810 130.394592 -46.240452 -51.392632 131.822601 -46.009663 -49.240280 131.822601 -49.231934 -49.662956 130.394531 -49.662956 -49.240280 131.822601 -49.231934 46.009663 131.822601 -51.392632 46.240452 130.394592 -51.949810 46.009663 131.822601 -51.392632 49.231934 131.822601 -49.240280 49.662956 130.394531 -49.662956 49.231934 131.822601 -49.240280 -42.203327 77.094177 52.752842 42.203327 77.093216 52.752842 46.240452 77.093216 51.949810 49.662956 77.093277 49.662956 51.949810 77.093262 46.240452 52.752842 77.094177 42.203327 52.752842 77.093216 -42.203327 51.949810 77.093216 -46.240452 49.662956 77.093277 -49.662956 49.662956 77.093277 -49.662956 46.240452 77.093262 -51.949810 42.203327 77.094177 -52.752842 -42.203327 77.093216 -52.752842 -46.240452 77.093216 -51.949810 -49.662956 77.093277 -49.662956 -51.949810 77.093262 -46.240452 -52.752842 77.094177 -42.203327 -52.752842 77.093216 42.203327 -51.949810 77.093216 46.240452 -49.662956 77.093277 49.662956 -49.662956 77.093277 49.662956 -46.240452 77.093262 51.949810 
					</float_array>
					<technique_common>
						<accessor count="226" offset="0" source="#meshId0-positions-array" stride="3">
							<param name="X" type="float" />
							<param name="Y" type="float" />
							<param name="Z" type="float" />
						</accessor>
					</technique_common>
				</source>
				<source id="meshId0-normals" name="meshId0-normals">
					<float_array id="meshId0-normals-array" count="678"> 
						-0.009072 -0.014942 0.999847 -0.008264 -0.383088 0.923675 0.008212 -0.383087 0.923676 0.009071 -0.014913 0.999848 -0.003147 -0.924042 0.382278 -0.000024 -0.999996 0.002834 0.000024 -0.999996 0.002847 0.003156 -0.924043 0.382276 -0.002847 -0.999996 0.000023 -0.382279 -0.924042 0.003156 -0.382267 -0.924047 -0.003156 -0.002836 -0.999996 -0.000024 -0.923675 -0.383089 0.008212 -0.999848 -0.014913 0.009072 -0.999847 -0.014943 -0.009072 -0.923669 -0.383103 -0.008270 -0.000024 -0.999996 -0.002847 -0.003156 -0.924043 -0.382276 0.003156 -0.924048 -0.382264 0.000024 -0.999996 -0.002836 -0.008212 -0.383088 -0.923676 -0.009072 -0.014913 -0.999848 0.009072 -0.014943 -0.999847 0.008269 -0.383102 -0.923669 0.999847 -0.014942 0.009072 0.923674 -0.383089 0.008264 0.923675 -0.383089 -0.008212 0.999848 -0.014913 -0.009072 0.382281 -0.924041 0.003147 0.002835 -0.999996 0.000024 0.002847 -0.999996 -0.000024 0.382279 -0.924042 -0.003156 0.000245 -1.000000 0.000101 0.000183 -1.000000 0.000184 0.000100 -1.000000 0.000244 -0.000101 -1.000000 0.000245 -0.000184 -1.000000 0.000183 -0.000244 -1.000000 0.000100 -0.000245 -1.000000 -0.000101 -0.000183 -1.000000 -0.000184 -0.000100 -1.000000 -0.000245 0.000101 -1.000000 -0.000245 0.000184 -1.000000 -0.000183 0.000245 -1.000000 -0.000100 0.351789 -0.388805 0.851513 0.382615 -0.014467 0.923795 0.142607 -0.926355 0.348610 -0.851514 -0.388806 0.351787 -0.923795 -0.014467 0.382615 -0.348609 -0.926356 0.142607 -0.347967 -0.926590 -0.142653 -0.923790 -0.014499 -0.382625 -0.850998 -0.389365 -0.352416 0.142653 -0.926589 -0.347970 0.382625 -0.014499 -0.923790 0.352417 -0.389365 -0.850998 -0.651933 -0.388660 0.651097 -0.707026 -0.014409 0.707041 -0.266277 -0.926303 0.266569 -0.352425 -0.388909 0.851203 -0.382623 -0.014480 0.923791 -0.142706 -0.926414 0.348413 0.651100 -0.388661 0.651929 0.707041 -0.014409 0.707026 
						0.266569 -0.926303 0.266278 0.851203 -0.388910 0.352424 0.923791 -0.014480 0.382623 0.348411 -0.926415 0.142708 -0.266337 -0.926481 -0.265890 -0.707042 -0.014428 -0.707024 -0.651006 -0.389124 -0.651746 -0.142648 -0.926427 -0.348403 -0.382617 -0.014473 -0.923794 -0.351827 -0.388969 -0.851423 0.265890 -0.926480 -0.266341 0.707024 -0.014428 -0.707042 0.651748 -0.389125 -0.651004 0.348401 -0.926427 -0.142650 0.923794 -0.014473 -0.382617 0.851423 -0.388970 -0.351825 0.000245 1.000000 -0.000101 0.000183 1.000000 -0.000184 0.000100 1.000000 -0.000245 0.000024 0.999996 -0.002847 -0.000024 0.999996 -0.002836 -0.000101 1.000000 -0.000245 -0.000184 1.000000 -0.000183 -0.000245 1.000000 -0.000100 -0.002847 0.999996 -0.000024 -0.002836 0.999996 0.000024 -0.000245 1.000000 0.000101 -0.000183 1.000000 0.000184 -0.000100 1.000000 0.000244 -0.000024 0.999996 0.002847 0.000024 0.999996 0.002836 0.000101 1.000000 0.000245 0.000184 1.000000 0.000183 0.000245 1.000000 0.000100 0.002847 0.999996 0.000023 0.002836 0.999996 -0.000024 -0.009059 0.033191 0.999408 -0.009079 0.000000 0.999959 0.009080 0.000000 0.999959 0.009059 0.033254 0.999406 0.009079 0.000000 -0.999959 -0.009080 0.000000 -0.999959 -0.009059 0.033254 -0.999406 0.009059 0.033191 -0.999408 0.999408 0.033191 0.009059 0.999959 0.000000 0.009079 0.999959 0.000000 -0.009080 0.999406 0.033254 -0.009059 -0.999408 0.033191 -0.009059 -0.999959 0.000000 -0.009079 -0.999959 0.000000 0.009080 -0.999406 0.033254 0.009059 -0.923878 0.000000 0.382688 -0.923421 0.032337 0.382425 -0.707107 0.000000 0.707107 -0.706762 0.032186 0.706719 -0.707107 0.000000 0.707107 -0.382683 0.000000 0.923880 -0.382425 0.032282 0.923423 -0.706762 0.032186 0.706719 0.382688 0.000000 0.923878 0.382424 0.032337 0.923421 0.707107 0.000000 0.707107 0.706719 0.032186 0.706762 
						0.923880 0.000000 0.382683 0.923422 0.032282 0.382425 -0.923423 0.032282 -0.382425 -0.923880 0.000000 -0.382683 -0.706719 0.032186 -0.706762 -0.707107 0.000000 -0.707107 -0.382425 0.032337 -0.923421 -0.382688 0.000000 -0.923878 0.382425 0.032282 -0.923423 0.382683 0.000000 -0.923880 0.706762 0.032186 -0.706719 0.707107 0.000000 -0.707107 0.706762 0.032186 -0.706719 0.923421 0.032337 -0.382425 0.923878 0.000000 -0.382688 0.707107 0.000000 -0.707107 -0.382273 0.924044 0.003156 -0.347966 0.926590 0.142654 -0.923669 0.383103 0.008270 -0.999406 0.033254 0.009059 -0.923421 0.032337 0.382425 -0.851001 0.389357 0.352419 -0.923675 0.383088 -0.008212 -0.999408 0.033191 -0.009059 -0.382286 0.924039 -0.003157 -0.003156 0.924040 0.382282 0.003155 0.924045 0.382270 -0.008212 0.383094 0.923673 -0.009059 0.033191 0.999408 0.009059 0.033254 0.999406 0.008270 0.383108 0.923666 0.142651 0.926591 0.347964 0.382424 0.032337 0.923421 0.352420 0.389357 0.851001 0.382286 0.924039 0.003156 0.382273 0.924044 -0.003156 0.923675 0.383088 0.008212 0.999408 0.033191 0.009059 0.999406 0.033254 -0.009059 0.923669 0.383103 -0.008270 0.347966 0.926590 -0.142655 0.923421 0.032337 -0.382425 0.851000 0.389357 -0.352419 -0.003156 0.924045 -0.382270 -0.142651 0.926591 -0.347964 -0.008270 0.383108 -0.923666 -0.009059 0.033254 -0.999406 -0.382425 0.032337 -0.923421 -0.352420 0.389357 -0.851001 0.008212 0.383094 -0.923673 0.009059 0.033191 -0.999408 0.003156 0.924040 -0.382282 -0.266335 0.926482 0.265891 -0.706762 0.032186 0.706719 -0.651009 0.389117 0.651748 -0.142648 0.926426 0.348406 -0.382425 0.032282 0.923423 -0.351828 0.388967 0.851423 0.265890 0.926481 0.266335 0.706719 0.032186 0.706762 0.651747 0.389116 0.651010 0.348407 0.926425 0.142649 0.923422 0.032282 0.382425 0.851423 0.388967 0.351829 
						-0.851424 0.388967 -0.351827 -0.923423 0.032282 -0.382425 -0.348407 0.926426 -0.142648 -0.651749 0.389117 -0.651008 -0.706719 0.032186 -0.706762 -0.265890 0.926482 -0.266335 0.351828 0.388967 -0.851423 0.382425 0.032282 -0.923423 0.142648 0.926426 -0.348406 0.651009 0.389117 -0.651748 0.706762 0.032186 -0.706719 0.266335 0.926481 -0.265892 -0.009072 -0.014942 0.999847 0.009071 -0.014913 0.999848 0.382615 -0.014467 0.923795 0.707041 -0.014409 0.707026 0.923791 -0.014480 0.382623 0.999847 -0.014942 0.009072 0.999848 -0.014913 -0.009072 0.923794 -0.014473 -0.382617 0.707024 -0.014428 -0.707042 0.707024 -0.014428 -0.707042 0.382625 -0.014499 -0.923790 0.009072 -0.014943 -0.999847 -0.009072 -0.014913 -0.999848 -0.382617 -0.014473 -0.923794 -0.707042 -0.014428 -0.707024 -0.923790 -0.014499 -0.382625 -0.999847 -0.014943 -0.009072 -0.999848 -0.014913 0.009072 -0.923795 -0.014467 0.382615 -0.707026 -0.014409 0.707041 -0.707026 -0.014409 0.707041 -0.382623 -0.014480 0.923791 
					</float_array>
					<technique_common>
						<accessor count="226" offset="0" source="#meshId0-normals-array" stride="3">
							<param name="X" type="float" />
							<param name="Y" type="float" />
							<param name="Z" type="float" />
						</accessor>
					</technique_common>
				</source>
				<source id="meshId0-tangents" name="meshId0-tangents">
					<float_array id="meshId0-tangents-array" count="678"> 
						0.994209 -0.107211 0.007418 0.997313 -0.070403 -0.020277 0.997066 0.073437 0.021593 0.994256 0.106768 -0.007428 0.999862 -0.009139 -0.013862 0.999994 -0.000034 -0.003447 0.999999 0.000020 -0.001165 0.999915 0.007746 0.010469 0.999897 -0.002846 0.014055 0.923919 -0.382168 0.017906 0.924003 -0.382210 -0.011572 0.999981 -0.002835 -0.005392 0.382592 -0.920870 0.074987 0.015424 -0.998132 0.059122 0.015574 -0.997137 -0.073998 0.383062 -0.922577 -0.045984 0.999999 -0.000019 -0.001579 0.999915 -0.007752 0.010481 0.999862 0.009153 -0.013871 1.000000 0.000025 -0.000439 0.997064 -0.073457 0.021601 0.994254 -0.106789 -0.007428 0.994198 0.107310 0.007417 0.997307 0.070480 -0.020304 0.015573 0.997139 -0.073972 0.383048 0.922585 -0.045949 0.382592 0.920869 0.074989 0.015424 0.998132 0.059123 0.923997 0.382224 -0.011580 0.999437 0.002832 -0.033428 0.999256 0.002844 0.038473 0.923919 0.382168 0.017907 0.999435 0.000242 -0.033620 0.999557 0.000178 -0.029749 0.999899 0.000096 -0.014202 1.000000 -0.000101 -0.000418 0.999873 -0.000181 0.015914 0.999652 -0.000242 0.026385 0.999806 -0.000243 -0.019679 0.999736 -0.000179 -0.022958 0.999911 -0.000097 -0.013311 0.999989 0.000102 -0.004659 0.999979 0.000182 0.006542 0.999698 0.000242 0.024592 0.904575 0.375212 -0.202387 0.858813 0.374235 -0.349840 0.989319 0.144144 -0.021672 0.484420 -0.840107 0.244045 0.164766 -0.917049 0.363143 0.937150 -0.346924 0.037336 0.937370 -0.346467 -0.036037 0.173078 -0.907180 -0.383496 0.474222 -0.858056 -0.197113 0.988518 0.151075 0.002962 0.850738 0.395498 0.346160 0.902980 0.380339 0.199924 0.692804 -0.654333 0.303102 0.511921 -0.700208 0.497640 0.962815 -0.268705 0.028033 0.902948 -0.380333 0.200078 0.850721 -0.395535 0.346158 0.988506 -0.151153 0.002972 0.685270 0.670301 -0.284784 0.522346 0.684601 -0.508405 
						0.963227 0.265697 -0.040000 0.473796 0.858263 -0.197233 0.173015 0.907238 -0.383386 0.937205 0.346905 -0.036121 0.963294 -0.265463 -0.039923 0.522374 -0.684570 -0.508418 0.685469 -0.670197 -0.284549 0.989313 -0.144188 -0.021655 0.858788 -0.374303 -0.349829 0.904559 -0.375274 -0.202341 0.962924 0.268325 0.027910 0.512026 0.700069 0.497727 0.693083 0.654143 0.302874 0.937226 0.346725 0.037258 0.164780 0.917041 0.363158 0.484585 0.840029 0.243985 0.011507 0.000098 0.999934 0.021868 0.000180 0.999761 0.022717 0.000242 0.999742 0.011326 0.002847 0.999932 -0.029231 0.002834 0.999569 -0.029295 0.000242 0.999571 -0.017068 0.000180 0.999854 -0.000806 0.000100 1.000000 0.005828 0.000040 0.999983 0.003234 -0.000015 0.999995 0.010801 -0.000098 0.999942 0.022803 -0.000179 0.999740 0.023283 -0.000242 0.999729 0.009491 -0.002847 0.999951 -0.009073 -0.002835 0.999955 -0.021644 -0.000243 0.999766 -0.017112 -0.000180 0.999854 -0.005116 -0.000099 0.999987 0.001298 -0.000027 0.999999 0.005854 0.000007 0.999983 0.999954 -0.002970 0.009163 0.999959 0.000031 0.009079 0.999959 0.000035 -0.009080 0.999953 0.003041 -0.009165 -0.999959 0.000096 -0.009079 -0.999959 0.000094 0.009080 -0.999953 0.003099 0.009167 -0.999954 -0.002905 -0.009161 0.009163 -0.002970 -0.999954 0.009079 0.000031 -0.999959 -0.009080 0.000032 -0.999959 -0.009165 0.003037 -0.999953 -0.009161 -0.002907 0.999954 -0.009079 0.000094 0.999959 0.009080 0.000092 0.999959 0.009167 0.003097 0.999953 0.382688 0.000096 0.923878 0.382628 0.000097 0.923903 0.707107 0.000099 0.707107 0.706928 -0.006301 0.707257 0.707107 0.000037 0.707107 0.923880 0.000034 0.382683 0.923905 0.000033 0.382623 0.707218 0.006442 0.706967 0.923878 0.000033 -0.382688 0.923903 0.000037 -0.382626 0.707107 0.000029 -0.707107 0.707127 0.000031 -0.707086 
						0.382683 0.000031 -0.923880 0.382623 0.000028 -0.923904 -0.382621 0.000093 0.923905 -0.382683 0.000098 0.923880 -0.707126 0.000096 0.707088 -0.707107 0.000096 0.707107 -0.923903 0.000096 0.382627 -0.923878 0.000093 0.382688 -0.923905 0.000093 -0.382621 -0.923880 0.000094 -0.382683 -0.707219 0.006492 -0.706965 -0.707107 0.000088 -0.707107 -0.706926 -0.006370 -0.707259 -0.382626 0.000032 -0.923903 -0.382688 0.000030 -0.923878 -0.707107 0.000028 -0.707107 -0.007520 -0.006526 0.999950 0.015293 -0.146533 0.989088 -0.017490 -0.063708 0.997815 0.005717 -0.099245 0.995047 0.341147 -0.387330 0.856501 0.205748 -0.370235 0.905867 0.024767 0.081076 0.996400 -0.005241 0.113380 0.993538 0.017724 0.010748 0.999785 0.011593 -0.382225 0.923997 -0.019177 -0.382146 0.923903 0.069972 -0.921220 0.382698 0.052906 -0.998033 0.033625 -0.080067 -0.996214 0.033874 -0.052492 -0.922258 0.382994 -0.039403 -0.345965 0.937420 -0.376946 -0.906982 0.187870 -0.199947 -0.857018 0.474912 0.016392 -0.010197 0.999814 -0.007002 0.006312 0.999956 0.024211 -0.079738 0.996522 -0.005286 -0.112057 0.993688 0.005725 0.099016 0.995069 -0.017380 0.063443 0.997834 0.018811 0.145233 0.989219 0.341668 0.384587 0.857529 0.207364 0.367409 0.906648 -0.023890 0.382093 0.923815 -0.042292 0.345532 0.937453 -0.057318 0.921998 0.382929 -0.084970 0.995806 0.033905 -0.379171 0.905871 0.188752 -0.202528 0.856061 0.475544 0.065995 0.921483 0.382772 0.048173 0.998274 0.033590 0.007320 0.382253 0.924029 0.032895 -0.266957 0.963147 0.489485 -0.699000 0.521348 0.306718 -0.650551 0.694772 0.030248 -0.347761 0.937095 0.351654 -0.919097 0.177764 0.241801 -0.840942 0.484096 -0.029826 -0.268242 0.962890 -0.494270 -0.692290 0.525767 -0.279977 -0.674296 0.683329 -0.007766 -0.149326 0.988758 -0.341037 -0.388010 0.856237 -0.196028 -0.386196 0.901347 
						-0.196474 0.385424 0.901580 -0.341181 0.387251 0.856523 -0.008608 0.149015 0.988797 -0.281289 0.673124 0.683945 -0.495166 0.691013 0.526605 -0.031547 0.267769 0.962966 0.241713 0.840979 0.484077 0.350924 0.919432 0.177473 0.030307 0.347752 0.937097 0.308233 0.649126 0.695434 0.490394 0.697726 0.522199 0.035371 0.266276 0.963248 0.999958 0.001382 0.009093 0.999958 -0.001317 -0.009092 0.923892 0.000029 -0.382654 0.707099 0.000028 -0.707114 0.382663 0.000030 -0.923888 0.009093 0.001382 -0.999958 -0.009092 -0.001317 -0.999958 -0.382656 0.000029 -0.923891 -0.707083 0.002901 -0.707124 -0.707142 -0.002781 -0.707067 -0.923887 0.000094 -0.382666 -0.999958 0.001445 -0.009095 -0.999958 -0.001255 0.009091 -0.923891 0.000093 0.382656 -0.707098 0.000094 0.707115 -0.382666 0.000097 0.923887 -0.009095 0.001445 0.999958 0.009091 -0.001252 0.999958 0.382653 0.000095 0.923892 0.707081 0.002962 0.707126 0.707140 -0.002842 0.707067 0.923888 0.000030 0.382663 
					</float_array>
					<technique_common>
						<accessor count="226" offset="0" source="#meshId0-tangents-array" stride="3">
							<param name="X" type="float" />
							<param name="Y" type="float" />
							<param name="Z" type="float" />
						</accessor>
					</technique_common>
				</source>
				<source id="meshId0-bitangents" name="meshId0-bitangents">
					<float_array id="meshId0-bitangents-array" count="678"> 
						0.107084 0.994124 0.015829 0.072798 0.921025 0.382640 -0.076104 0.920788 0.382567 -0.106641 0.994172 0.015796 0.016303 0.382182 0.923943 0.003447 0.002834 0.999990 0.001165 0.002847 0.999995 -0.012635 0.382210 0.923989 -0.014055 0.000064 0.999901 -0.015339 0.009761 0.999835 0.009487 -0.007340 0.999928 0.005392 -0.000039 0.999986 -0.021165 0.072406 0.997151 0.008173 0.059253 0.998210 -0.007940 -0.074128 0.997217 0.009987 -0.045642 0.998908 0.001579 -0.002847 0.999995 -0.012648 -0.382210 0.923989 0.016316 -0.382167 0.923949 0.000439 -0.002836 0.999996 -0.076126 -0.920787 0.382566 -0.106662 -0.994170 0.015796 0.107182 -0.994113 0.015830 0.072879 -0.921013 0.382653 -0.007941 0.074102 0.997219 0.009979 0.045607 0.998910 -0.021165 -0.072407 0.997151 0.008173 -0.059254 0.998209 0.009498 0.007334 0.999928 0.033428 0.000119 0.999441 -0.038472 -0.000133 0.999260 -0.015340 -0.009762 0.999835 0.033620 0.000109 0.999435 0.029749 0.000189 0.999557 0.014202 0.000246 0.999899 0.000418 0.000245 1.000000 -0.015914 0.000186 0.999873 -0.026385 0.000106 0.999652 0.019679 -0.000106 0.999806 0.022958 -0.000188 0.999736 0.013311 -0.000246 0.999911 0.004659 -0.000244 0.999989 -0.006542 -0.000184 0.999979 -0.024592 -0.000106 0.999698 -0.240809 0.841455 0.483699 -0.340656 0.927221 0.155612 -0.030175 0.347977 0.937017 0.200653 0.378221 0.903708 0.345623 0.398512 0.849549 0.014887 0.146660 0.989075 -0.016033 -0.146258 0.989117 -0.341549 -0.420494 0.840553 -0.225644 -0.334866 0.914849 0.049825 -0.344397 0.937501 0.360338 -0.918352 0.163662 0.245825 -0.838891 0.485626 0.308230 0.648685 0.695846 0.487905 0.713793 0.502442 0.045661 0.264121 0.963408 0.245929 0.839105 0.485203 0.360379 0.918337 0.163659 0.049911 0.344833 0.937336 -0.326304 0.632171 0.702770 -0.476705 0.728775 0.491568 
						-0.033697 0.267149 0.963066 -0.225766 0.334863 0.914821 -0.341578 0.420368 0.840604 -0.016043 0.146332 0.989106 -0.033596 -0.266764 0.963176 -0.476672 -0.728804 0.491557 -0.326074 -0.631995 0.703035 -0.030174 -0.347769 0.937095 -0.340715 -0.927194 0.155644 -0.240813 -0.841351 0.483877 0.045608 -0.263887 0.963475 0.487797 -0.713930 0.502353 0.307993 -0.648598 0.696033 0.014943 -0.146677 0.989072 0.345619 -0.398531 0.849541 0.200641 -0.378223 0.903709 0.999934 -0.000246 -0.011507 0.999761 -0.000187 -0.021868 0.999742 -0.000106 -0.022717 0.999936 -0.000056 -0.011326 0.999573 0.000107 0.029231 0.999571 0.000108 0.029295 0.999854 0.000187 0.017068 1.000000 0.000245 0.000806 0.999979 0.002847 -0.005828 0.999991 0.002836 -0.003234 0.999942 0.000246 -0.010801 0.999740 0.000187 -0.022803 0.999729 0.000106 -0.023283 0.999955 0.000051 -0.009491 0.999959 -0.000050 0.009073 0.999766 -0.000106 0.021644 0.999854 -0.000187 0.017112 0.999987 -0.000245 0.005116 0.999995 -0.002847 -0.001298 0.999979 -0.002836 -0.005854 0.003272 0.999445 -0.033162 -0.000031 1.000000 -0.000000 -0.000035 1.000000 0.000000 -0.003344 0.999442 -0.033225 0.000096 1.000000 0.000001 0.000094 1.000000 -0.000001 0.003402 0.999442 0.033225 -0.003207 0.999445 0.033163 -0.033162 0.999445 -0.003272 -0.000000 1.000000 0.000031 0.000000 1.000000 0.000032 -0.033225 0.999442 0.003340 0.033163 0.999445 0.003209 0.000001 1.000000 -0.000094 -0.000001 1.000000 -0.000092 0.033224 0.999442 -0.003400 -0.000037 1.000000 -0.000088 0.029840 0.999477 -0.012463 -0.000070 1.000000 -0.000070 0.027217 0.999462 -0.018299 -0.000026 1.000000 -0.000026 -0.000031 1.000000 -0.000013 0.012321 0.999479 -0.029838 0.018202 0.999461 -0.027315 -0.000031 1.000000 0.000013 -0.012407 0.999477 -0.029862 -0.000021 1.000000 0.000021 -0.022780 0.999482 -0.022737 
						-0.000012 1.000000 0.000028 -0.029836 0.999479 -0.012325 0.029861 0.999479 0.012266 0.000038 1.000000 -0.000091 0.022826 0.999482 0.022692 0.000068 1.000000 -0.000068 0.012462 0.999477 0.029840 0.000086 1.000000 -0.000036 -0.012266 0.999479 0.029861 0.000087 1.000000 0.000036 -0.018166 0.999461 0.027351 0.000062 1.000000 0.000062 -0.027266 0.999462 0.018251 -0.029864 0.999477 0.012403 0.000012 1.000000 0.000028 0.000020 1.000000 0.000020 0.924019 0.382231 0.009443 0.937383 0.346350 0.036818 0.382793 0.921506 0.065546 0.033988 0.994507 0.098996 0.175822 0.921374 0.346637 0.483183 0.843402 0.234961 0.382375 0.920147 -0.084376 0.034003 0.992997 -0.113139 0.923874 0.382148 -0.020486 0.999928 0.007348 -0.009506 0.999811 -0.010246 0.016515 0.997515 0.067774 -0.019241 0.998558 0.053179 0.007285 0.996748 -0.080326 -0.006362 0.998587 -0.051652 0.012483 0.988988 -0.147435 -0.012842 0.843601 -0.419926 -0.334663 0.914233 -0.337523 -0.224179 0.923899 -0.382163 -0.019044 0.924023 -0.382234 0.008883 0.382411 -0.920264 -0.082927 0.033996 -0.993147 -0.111815 0.033987 -0.994530 0.098766 0.382798 -0.921524 0.065259 0.937319 -0.346898 0.033106 0.174806 -0.922522 0.344087 0.482492 -0.844637 0.231927 0.999710 0.012048 0.020870 0.988869 0.148445 -0.010103 0.998322 0.056109 0.014334 0.996342 0.085226 -0.006195 0.842603 0.422318 -0.334166 0.913665 0.339942 -0.222837 0.997786 -0.064101 -0.017715 0.998798 -0.048449 0.007445 0.999968 -0.005715 -0.005557 0.963319 0.265266 0.040623 0.510777 0.714397 0.478272 0.694342 0.652205 0.304165 0.989311 0.144214 0.021585 0.854454 0.392706 0.340134 0.904295 0.376194 0.201814 0.963542 -0.263967 -0.043690 0.506206 -0.720901 -0.473346 0.704868 -0.627625 -0.330527 0.937311 -0.345598 -0.044832 0.176025 -0.921090 -0.347288 0.486469 -0.836396 -0.252568 
						0.486287 0.836751 -0.251738 0.175744 0.921409 -0.346582 0.937304 0.345731 -0.043943 0.704343 0.628882 -0.329253 0.505331 0.722126 -0.472415 0.963487 0.264445 -0.041969 0.904319 -0.376112 0.201862 0.854754 -0.391921 0.340285 0.989309 -0.144234 0.021529 0.693671 -0.653624 0.302648 0.509904 -0.715641 0.477342 0.963231 -0.265951 0.038148 -0.001518 0.999887 0.014929 0.001452 0.999888 0.014901 0.005509 0.999895 0.013377 0.010169 0.999896 0.010209 0.013367 0.999895 0.005569 0.014929 0.999887 0.001518 0.014901 0.999888 -0.001453 0.013383 0.999895 -0.005512 0.012253 0.999892 -0.008151 0.008235 0.999892 -0.012169 0.005635 0.999895 -0.013359 0.001581 0.999887 -0.014929 -0.001390 0.999888 -0.014901 -0.005452 0.999895 -0.013408 -0.010136 0.999896 -0.010269 -0.013358 0.999895 -0.005637 -0.014929 0.999887 -0.001581 -0.014901 0.999888 0.001387 -0.013402 0.999895 0.005448 -0.012283 0.999892 0.008095 -0.008179 0.999892 0.012199 -0.005569 0.999895 0.013367 
					</float_array>
					<technique_common>
						<accessor count="226" offset="0" source="#meshId0-bitangents-array" stride="3">
							<param name="X" type="float" />
							<param name="Y" type="float" />
							<param name="Z" type="float" />
						</accessor>
					</technique_common>
				</source>
				<source id="meshId0-tex0" name="meshId0-tex0">
					<float_array id="meshId0-tex0-array" count="452"> 
						0.036968 0.694440 0.037431 0.689464 0.309423 0.689449 0.309840 0.694435 0.037431 0.689464 0.037946 0.684475 0.308932 0.684459 0.309423 0.689449 0.009969 0.656268 0.004983 0.656813 0.005176 0.384634 0.010168 0.385085 0.004983 0.656813 0.000000 0.657278 0.000196 0.384230 0.005176 0.384634 0.038267 0.357420 0.037776 0.352430 0.309768 0.352415 0.309252 0.357404 0.037776 0.352430 0.037359 0.347443 0.310231 0.347439 0.309768 0.352415 0.347003 0.657649 0.342023 0.657245 0.342216 0.385066 0.347199 0.384601 0.342023 0.657245 0.337031 0.656795 0.337230 0.385611 0.342216 0.385066 0.334732 0.667774 0.328784 0.676464 0.320010 0.682230 0.026969 0.682100 0.018182 0.676063 0.012276 0.667271 0.012477 0.374109 0.018424 0.365424 0.027189 0.359649 0.320226 0.359790 0.329008 0.365824 0.334923 0.374608 0.321963 0.686835 0.323977 0.691394 0.321963 0.686835 0.007707 0.669278 0.003164 0.671320 0.007707 0.669278 0.007861 0.372180 0.003372 0.370245 0.007861 0.372180 0.322220 0.355205 0.324203 0.350735 0.322220 0.355205 0.014669 0.679621 0.011177 0.683162 0.014669 0.679621 0.024977 0.686678 0.022995 0.691146 0.024977 0.686678 0.332345 0.679977 0.335893 0.683460 
						0.332345 0.679977 0.339342 0.669701 0.343829 0.671635 0.339342 0.669701 0.014857 0.361904 0.011308 0.358420 0.014857 0.361904 0.025236 0.355044 0.023222 0.350485 0.025236 0.355044 0.332528 0.362261 0.336020 0.358718 0.332528 0.362261 0.339491 0.372601 0.344034 0.370560 0.339491 0.372601 0.026955 0.335069 0.018178 0.329209 0.012307 0.320524 0.009974 0.309526 0.009985 0.038717 0.012320 0.027749 0.018313 0.018964 0.027066 0.013024 0.038042 0.010669 0.308841 0.009975 0.319815 0.012244 0.328519 0.018160 0.334324 0.026909 0.336594 0.037987 0.337492 0.309343 0.335151 0.320341 0.329141 0.329152 0.320363 0.335110 0.309355 0.337471 0.038021 0.337285 0.376191 0.171844 0.376189 0.120298 0.648286 0.120286 0.648288 0.171833 0.067906 0.814736 0.340003 0.814707 0.340007 0.866254 0.067910 0.866282 0.701365 0.171834 0.701363 0.120287 0.973460 0.120276 0.973462 0.171822 0.393084 0.866252 0.393079 0.814705 0.665176 0.814677 0.665181 0.866224 0.678446 0.814678 0.678450 0.866225 0.691715 0.814677 0.691720 0.866224 0.349651 0.120297 0.362920 0.120297 0.362922 0.171844 0.349653 0.171845 0.661556 0.120288 0.661557 0.171835 0.674825 0.120287 0.674826 0.171834 
						0.688094 0.120287 0.688096 0.171834 0.379815 0.866253 0.379810 0.814706 0.366546 0.866254 0.366541 0.814707 0.353277 0.866255 0.353272 0.814708 0.054641 0.866283 0.054637 0.814736 0.041372 0.866284 0.041367 0.814737 1.000000 0.171824 0.986731 0.171825 0.986729 0.120277 0.999998 0.120277 0.309268 0.004982 0.321724 0.007619 0.309268 0.004982 0.309649 0.000000 0.323638 0.003121 0.321724 0.007619 0.037471 0.005685 0.036981 0.000705 0.037471 0.005685 0.341582 0.037473 0.342483 0.309832 0.341582 0.037473 0.346567 0.037033 0.347461 0.310270 0.342483 0.309832 0.339745 0.322311 0.344225 0.324269 0.339745 0.322311 0.309906 0.342457 0.037574 0.342278 0.309906 0.342457 0.310377 0.347439 0.037173 0.347259 0.037574 0.342278 0.025039 0.339691 0.023114 0.344184 0.025039 0.339691 0.004995 0.038203 0.007729 0.025769 0.004995 0.038203 0.000019 0.037743 0.003251 0.023803 0.007729 0.025769 0.004986 0.310017 0.000000 0.310433 0.004986 0.310017 0.332021 0.014577 0.335489 0.011012 0.332021 0.014577 0.338920 0.024934 0.343469 0.022900 0.338920 0.024934 0.332718 0.332658 0.336277 0.336134 0.332718 0.332658 0.322385 0.339673 0.324445 0.344207 0.322385 0.339673 
						0.025036 0.008464 0.022971 0.003931 0.025036 0.008464 0.014736 0.015456 0.011178 0.011978 0.014736 0.015456 0.007706 0.322490 0.003152 0.324512 0.007706 0.322490 0.014670 0.332787 0.011195 0.336344 0.014670 0.332787 0.376186 0.000023 0.648283 0.000011 0.661552 0.000010 0.674821 0.000010 0.688090 0.000010 0.701359 0.000012 0.973456 0.000001 0.986725 0.000000 0.999995 0.000000 0.041356 0.694460 0.054625 0.694459 0.067895 0.694461 0.339992 0.694432 0.353261 0.694431 0.366530 0.694430 0.379799 0.694429 0.393068 0.694430 0.665165 0.694402 0.678434 0.694401 0.691704 0.694400 0.349647 0.000020 0.362916 0.000020 
					</float_array>
					<technique_common>
						<accessor count="226" offset="0" source="#meshId0-tex0-array" stride="2">
							<param name="S" type="float" />
							<param name="T" type="float" />
						</accessor>
					</technique_common>
				</source>
				<vertices id="meshId0-vertices">
					<input semantic="POSITION" source="#meshId0-positions" />
				</vertices>
				<polylist count="276" material="defaultMaterial">
					<input offset="0" semantic="VERTEX" source="#meshId0-vertices" />
					<input offset="0" semantic="NORMAL" source="#meshId0-normals" />
					<input offset="0" semantic="TANGENT" source="#meshId0-tangents" />
					<input offset="0" semantic="BINORMAL" source="#meshId0-bitangents" />
					<input offset="0" semantic="TEXCOORD" source="#meshId0-tex0" set="0" />
					<vcount>
						3 3 3 3 3 3 3 3 3 3 3 3 3 3 3 3 3 3 3 3 3 3 3 3 3 3 3 3 3 3 3 3 3 3 3 3 3 3 3 3 3 3 3 3 3 3 3 3 3 3 3 3 3 3 3 3 3 3 3 3 3 3 3 3 
						3 3 3 3 3 3 3 3 3 3 3 3 3 3 3 3 3 3 3 3 3 3 3 3 3 3 3 3 3 3 3 3 3 3 3 3 3 3 3 3 3 3 3 3 3 3 3 3 3 3 3 3 3 3 3 3 3 3 3 3 3 3 3 3 
						3 3 3 3 3 3 3 3 3 3 3 3 3 3 3 3 3 3 3 3 3 3 3 3 3 3 3 3 3 3 3 3 3 3 3 3 3 3 3 3 3 3 3 3 3 3 3 3 3 3 3 3 3 3 3 3 3 3 3 3 3 3 3 3 
						3 3 3 3 3 3 3 3 3 3 3 3 3 3 3 3 3 3 3 3 3 3 3 3 3 3 3 3 3 3 3 3 3 3 3 3 3 3 3 3 3 3 3 3 3 3 3 3 3 3 3 3 3 3 3 3 3 3 3 3 3 3 3 3 
						3 3 3 3 3 3 3 3 3 3 3 3 3 3 3 3 3 3 3 3 
					</vcount>
					<p>
						3 0 1 1 2 3 7 4 5 5 6 7 11 8 9 9 10 11 15 12 13 13 14 15 19 16 17 17 18 19 23 20 21 21 22 23 27 24 25 25 26 27 31 28 29 29 30 31 43 30 29 43 29 32 43 32 33 43 33 34 43 34 6 43 6 5 43 5 35 43 35 36 43 36 37 43 37 8 43 8 11 43 11 38 43 38 39 43 39 40 43 40 16 43 16 19 43 19 41 41 42 43 45 3 2 2 44 45 46 7 6 6 34 46 48 13 12 12 47 48 49 9 8 8 37 49 38 11 10 10 50 38 52 15 14 14 51 52 41 19 18 18 53 41 55 23 22 22 54 55 57 48 47 47 56 57 58 49 37 37 36 58 60 57 56 56 59 60 61 58 36 36 35 61 35 5 4 4 61 35 59 1 0 0 60 59 63 45 44 44 62 63 
						64 46 34 34 33 64 66 63 62 62 65 66 67 64 33 33 32 67 32 29 28 28 67 32 65 25 24 24 66 65 39 38 50 50 68 39 70 52 51 51 69 70 40 39 68 68 71 40 73 70 69 69 72 73 72 21 20 20 73 72 71 17 16 16 40 71 42 41 53 53 74 42 76 55 54 54 75 76 43 42 74 74 77 43 79 76 75 75 78 79 78 27 26 26 79 78 77 31 30 30 43 77 99 80 81 99 81 82 99 82 83 99 83 84 99 84 85 99 85 86 99 86 87 99 87 88 99 88 89 99 89 90 99 90 91 99 91 92 99 92 93 99 93 94 99 94 95 99 95 96 99 96 97 97 98 99 103 100 101 101 102 103 107 104 105 105 106 107 111 108 109 109 110 111 115 112 113 113 114 115 115 114 116 116 117 115 117 116 118 118 119 117 
						123 120 121 121 122 123 122 121 101 101 100 122 103 102 124 124 125 103 125 124 126 126 127 125 127 126 128 128 129 127 129 128 109 109 108 129 113 112 130 130 131 113 131 130 132 132 133 131 133 132 134 134 135 133 135 134 106 106 105 135 104 107 136 136 137 104 137 136 138 138 139 137 143 140 141 141 142 143 142 141 111 111 110 142 90 89 144 144 145 90 149 146 147 147 148 149 151 147 146 146 150 151 152 144 89 89 88 152 94 93 153 153 154 94 158 155 156 156 157 158 95 94 154 154 159 95 161 158 157 157 160 161 99 98 162 162 163 99 167 164 165 165 166 167 80 99 163 163 168 80 170 167 166 166 169 170 85 84 171 171 172 85 176 173 174 174 175 176 178 174 173 173 177 178 179 171 84 84 83 179 91 90 145 145 180 91 182 149 148 148 181 182 
						92 91 180 180 183 92 185 182 181 181 184 185 184 156 155 155 185 184 183 153 93 93 92 183 96 95 159 159 186 96 188 161 160 160 187 188 97 96 186 186 189 97 191 188 187 187 190 191 190 165 164 164 191 190 189 162 98 98 97 189 193 151 150 150 192 193 194 152 88 88 87 194 196 193 192 192 195 196 197 194 87 87 86 197 175 196 195 195 176 175 172 197 86 86 85 172 199 178 177 177 198 199 200 179 83 83 82 200 202 199 198 198 201 202 203 200 82 82 81 203 169 202 201 201 170 169 168 203 81 81 80 168 205 102 101 101 204 205 102 205 206 206 124 102 124 206 207 207 126 124 126 207 208 208 128 126 128 208 209 209 109 128 210 110 109 109 209 210 211 142 110 110 210 211 212 143 142 142 211 212 214 137 139 139 213 214 215 104 137 137 214 215 
						215 216 105 105 104 215 217 135 105 105 216 217 218 133 135 135 217 218 219 131 133 133 218 219 220 113 131 131 219 220 221 114 113 113 220 221 114 221 222 222 116 114 116 222 223 223 118 116 120 224 225 225 121 120 121 225 204 204 101 121 
					</p>
				</polylist>
			</mesh>
		</geometry>
		<geometry id="meshId1" name="meshId1_name" >
			<mesh>
				<source id="meshId1-positions" name="meshId1-positions">
					<float_array id="meshId1-positions-array" count="1152"> 
						45.359314 153.443161 -14.738134 38.584938 153.443161 -28.033598 36.148678 160.713257 -26.263548 42.495316 160.713257 -13.807564 28.033598 153.443161 -38.584934 26.263548 160.713257 -36.148670 28.033598 153.443161 -38.584934 14.738132 153.443161 -45.359310 13.807562 160.713257 -42.495308 26.263548 160.713257 -36.148670 0.000000 153.443161 -47.693600 0.000000 160.713257 -44.682213 -14.738132 153.443161 -45.359306 -13.807562 160.713257 -42.495308 -28.033592 153.443161 -38.584930 -26.263540 160.713257 -36.148663 -38.584927 153.443161 -28.033590 -36.148659 160.713257 -26.263536 -38.584927 153.443161 -28.033590 -45.359299 153.443161 -14.738130 -42.495296 160.713257 -13.807558 -36.148659 160.713257 -26.263536 -47.693592 153.443161 0.000000 -44.682201 160.713257 0.000000 -45.359299 153.443161 14.738130 -42.495296 160.713257 13.807558 -38.584923 153.443161 28.033588 -36.148659 160.713257 26.263536 -28.033588 153.443161 38.584923 -26.263536 160.713257 36.148651 -28.033588 153.443161 38.584923 -14.738130 153.443161 45.359295 -13.807558 160.713257 42.495293 -26.263536 160.713257 36.148651 -0.000001 153.443161 47.693581 -0.000001 160.713257 44.682194 14.738126 153.443161 45.359287 13.807554 160.713257 42.495289 28.033579 153.443161 38.584919 26.263531 160.713257 36.148651 38.584919 153.443161 28.033583 36.148651 160.713257 26.263536 38.584919 153.443161 28.033583 45.359287 153.443161 14.738126 42.495289 160.713257 13.807556 36.148651 160.713257 26.263536 47.693577 153.443161 0.000000 44.682190 160.713257 0.000000 32.822311 167.422760 -23.846802 38.584938 167.422760 -12.537005 23.846802 167.422760 -32.822311 12.537004 167.422760 -38.584930 23.846802 167.422760 -32.822311 0.000000 167.422760 -40.570599 -12.537004 167.422760 -38.584930 -23.846796 167.422760 -32.822300 -32.822296 167.422760 -23.846796 -38.584923 167.422760 -12.537001 -32.822296 167.422760 -23.846796 -40.570587 167.422760 0.000000 -38.584923 167.422760 12.537001 -32.822292 167.422760 23.846794 -23.846794 167.422760 32.822292 -12.537001 167.422760 38.584919 
						-23.846794 167.422760 32.822292 -0.000001 167.422760 40.570583 12.536996 167.422760 38.584919 23.846788 167.422760 32.822289 32.822289 167.422760 23.846788 38.584919 167.422760 12.536999 32.822289 167.422760 23.846788 40.570576 167.422760 0.000000 28.687750 173.406570 -20.842869 33.724472 173.406570 -10.957745 20.842869 173.406570 -28.687746 10.957744 173.406570 -33.724468 20.842869 173.406570 -28.687746 0.000000 173.406570 -35.460003 -10.957744 173.406570 -33.724468 -20.842863 173.406570 -28.687740 -28.687737 173.406570 -20.842863 -33.724461 173.406570 -10.957740 -28.687737 173.406570 -20.842863 -35.459991 173.406570 0.000000 -33.724461 173.406570 10.957740 -28.687737 173.406570 20.842861 -20.842861 173.406570 28.687737 -10.957740 173.406570 33.724453 -20.842861 173.406570 28.687737 -0.000001 173.406570 35.459988 10.957737 173.406570 33.724453 20.842855 173.406570 28.687731 28.687731 173.406570 20.842859 33.724449 173.406570 10.957738 28.687731 173.406570 20.842859 35.459984 173.406570 0.000000 23.846802 178.517120 -17.325716 28.033598 178.517120 -9.108667 17.325716 178.517120 -23.846802 9.108666 178.517120 -28.033594 17.325716 178.517120 -23.846802 0.000000 178.517120 -29.476265 -9.108666 178.517120 -28.033592 -17.325712 178.517120 -23.846796 -23.846796 178.517120 -17.325708 -28.033588 178.517120 -9.108664 -23.846796 178.517120 -17.325708 -29.476255 178.517120 0.000000 -28.033588 178.517120 9.108664 -23.846794 178.517120 17.325708 -17.325708 178.517120 23.846790 -9.108664 178.517120 28.033583 -17.325708 178.517120 23.846790 -0.000001 178.517120 29.476252 9.108662 178.517120 28.033583 17.325706 178.517120 23.846788 23.846788 178.517120 17.325706 28.033579 178.517120 9.108662 23.846788 178.517120 17.325706 29.476252 178.517120 0.000000 18.418671 182.628754 -13.381947 21.652445 182.628754 -7.035306 13.381947 182.628754 -18.418669 7.035305 182.628754 -21.652443 13.381947 182.628754 -18.418669 0.000000 182.628754 -22.766724 -7.035305 182.628754 -21.652441 -13.381945 182.628754 -18.418665 
						-18.418665 182.628754 -13.381942 -21.652437 182.628754 -7.035302 -18.418665 182.628754 -13.381942 -22.766718 182.628754 0.000000 -21.652437 182.628754 7.035302 -18.418661 182.628754 13.381940 -13.381940 182.628754 18.418661 -7.035302 182.628754 21.652431 -13.381940 182.628754 18.418661 -0.000001 182.628754 22.766716 7.035301 182.628754 21.652431 13.381938 182.628754 18.418659 18.418657 182.628754 13.381939 21.652431 182.628754 7.035302 18.418657 182.628754 13.381939 22.766714 182.628754 0.000000 12.537006 185.640106 -9.108667 14.738136 185.640106 -4.788710 9.108667 185.640106 -12.537005 4.788710 185.640106 -14.738134 9.108667 185.640106 -12.537005 0.000000 185.640106 -15.496591 -4.788710 185.640106 -14.738132 -9.108665 185.640106 -12.537003 -12.537003 185.640106 -9.108665 -14.738130 185.640106 -4.788708 -12.537003 185.640106 -9.108665 -15.496586 185.640106 0.000000 -14.738130 185.640106 4.788708 -12.537001 185.640106 9.108665 -9.108665 185.640106 12.537001 -4.788708 185.640106 14.738128 -9.108665 185.640106 12.537001 -0.000000 185.640106 15.496584 4.788707 185.640106 14.738126 9.108662 185.640106 12.537000 12.536999 185.640106 9.108662 14.738126 185.640106 4.788707 12.536999 185.640106 9.108662 15.496582 185.640106 0.000000 6.346641 187.477081 -4.611104 7.460924 187.477081 -2.424201 4.611104 187.477081 -6.346641 2.424201 187.477081 -7.460924 4.611104 187.477081 -6.346641 0.000000 187.477081 -7.844879 -2.424201 187.477081 -7.460923 -4.611104 187.477081 -6.346640 -6.346639 187.477081 -4.611103 -7.460922 187.477081 -2.424200 -6.346639 187.477081 -4.611103 -7.844877 187.477081 0.000000 -7.460922 187.477081 2.424200 -6.346639 187.477081 4.611103 -4.611103 187.477081 6.346638 -2.424200 187.477081 7.460920 -4.611103 187.477081 6.346638 -0.000000 187.477081 7.844876 2.424200 187.477081 7.460920 4.611102 187.477081 6.346637 6.346637 187.477081 4.611103 7.460920 187.477081 2.424200 6.346637 187.477081 4.611103 7.844875 187.477081 0.000000 
						0.000000 188.094513 0.000000 0.000000 188.094513 0.000000 0.000000 188.094513 0.000000 0.000000 188.094513 0.000000 31.350609 145.791412 -22.777550 36.854847 145.791412 -11.974868 36.854847 130.128128 -11.974868 31.350609 130.128128 -22.777550 22.777544 145.791412 -31.350609 22.777544 130.128128 -31.350609 11.974865 145.791412 -36.854847 22.777544 145.791412 -31.350609 22.777544 130.128128 -31.350609 11.974865 130.128128 -36.854847 -0.000001 145.791412 -38.751488 -0.000001 130.128128 -38.751488 -11.974865 145.791412 -36.854839 -11.974865 130.128128 -36.854839 -22.777544 145.791412 -31.350603 -22.777544 130.128128 -31.350603 -31.350599 145.791412 -22.777542 -31.350599 130.128128 -22.777542 -36.854836 145.791412 -11.974862 -31.350599 145.791412 -22.777542 -31.350599 130.128128 -22.777542 -36.854836 130.128128 -11.974862 -38.751472 145.791412 -0.000002 -38.751472 130.128128 -0.000002 -36.854836 145.791412 11.974861 -36.854836 130.128128 11.974861 -31.350595 145.791412 22.777538 -31.350595 130.128128 22.777538 -22.777538 145.791412 31.350590 -22.777538 130.128128 31.350590 -11.974861 145.791412 36.854828 -22.777538 145.791412 31.350590 -22.777538 130.128128 31.350590 -11.974861 130.128128 36.854828 -0.000002 145.791412 38.751465 -0.000002 130.128128 38.751465 11.974855 145.791412 36.854828 11.974855 130.128128 36.854828 22.777531 145.791412 31.350586 22.777531 130.128128 31.350586 31.350586 145.791412 22.777533 31.350586 130.128128 22.777533 36.854828 145.791412 11.974857 36.854828 130.128128 11.974857 38.751461 145.791412 -0.000002 38.751461 130.128128 -0.000002 46.757034 147.321640 -15.192280 39.773907 147.321640 -28.897436 28.897436 147.321640 -39.773903 28.897436 147.321640 -39.773903 15.192278 147.321640 -46.757030 0.000000 147.321640 -49.163246 -15.192278 147.321640 -46.757019 -28.897429 147.321640 -39.773899 -39.773891 147.321640 -28.897427 -39.773891 147.321640 -28.897427 -46.757015 147.321640 -15.192275 -49.163231 147.321640 0.000000 -46.757015 147.321640 15.192275 -39.773891 147.321640 28.897423 
						-28.897423 147.321640 39.773884 -28.897423 147.321640 39.773884 -15.192275 147.321640 46.757008 -0.000001 147.321640 49.163227 15.192269 147.321640 46.757008 28.897415 147.321640 39.773884 39.773884 147.321640 28.897419 39.773884 147.321640 28.897419 46.757008 147.321640 15.192271 49.163223 147.321640 0.000000 38.782978 145.791412 -28.177483 45.592121 145.791412 -14.813779 36.854847 145.791412 -11.974868 31.350609 145.791412 -22.777550 28.177483 145.791412 -38.782974 22.777544 145.791412 -31.350609 14.813776 145.791412 -45.592117 28.177483 145.791412 -38.782974 22.777544 145.791412 -31.350609 11.974865 145.791412 -36.854847 0.000000 145.791412 -47.938389 -0.000001 145.791412 -38.751488 -14.813776 145.791412 -45.592117 -11.974865 145.791412 -36.854839 -28.177475 145.791412 -38.782970 -22.777544 145.791412 -31.350603 -38.782963 145.791412 -28.177469 -31.350599 145.791412 -22.777542 -45.592106 145.791412 -14.813772 -38.782963 145.791412 -28.177469 -31.350599 145.791412 -22.777542 -36.854836 145.791412 -11.974862 -47.938374 145.791412 0.000000 -38.751472 145.791412 -0.000002 -45.592106 145.791412 14.813772 -36.854836 145.791412 11.974861 -38.782959 145.791412 28.177467 -31.350595 145.791412 22.777538 -28.177469 145.791412 38.782951 -22.777538 145.791412 31.350590 -14.813772 145.791412 45.592098 -28.177469 145.791412 38.782951 -22.777538 145.791412 31.350590 -11.974861 145.791412 36.854828 -0.000001 145.791412 47.938370 -0.000002 145.791412 38.751465 14.813767 145.791412 45.592098 11.974855 145.791412 36.854828 28.177462 145.791412 38.782951 22.777531 145.791412 31.350586 38.782951 145.791412 28.177464 31.350586 145.791412 22.777533 45.592094 145.791412 14.813769 36.854828 145.791412 11.974857 47.938358 145.791412 -0.000001 38.751461 145.791412 -0.000002 46.530888 146.263992 -15.118800 39.581535 146.263992 -28.757666 46.530888 146.263992 -15.118800 45.592121 145.791412 -14.813779 38.782978 145.791412 -28.177483 39.581535 146.263992 -28.757666 28.757666 146.263992 -39.581532 28.177483 145.791412 -38.782974 
						28.757666 146.263992 -39.581532 28.757666 146.263992 -39.581532 15.118799 146.263992 -46.530876 28.757666 146.263992 -39.581532 28.177483 145.791412 -38.782974 14.813776 145.791412 -45.592117 15.118799 146.263992 -46.530876 0.000000 146.263992 -48.925461 0.000000 145.791412 -47.938389 0.000000 146.263992 -48.925461 -15.118799 146.263992 -46.530872 -14.813776 145.791412 -45.592117 -15.118799 146.263992 -46.530872 -28.757660 146.263992 -39.581524 -28.177475 145.791412 -38.782970 -28.757660 146.263992 -39.581524 -39.581520 146.263992 -28.757656 -38.782963 145.791412 -28.177469 -39.581520 146.263992 -28.757656 -39.581520 146.263992 -28.757656 -46.530865 146.263992 -15.118795 -39.581520 146.263992 -28.757656 -38.782963 145.791412 -28.177469 -45.592106 145.791412 -14.813772 -46.530865 146.263992 -15.118795 -48.925449 146.263992 0.000000 -47.938374 145.791412 0.000000 -48.925449 146.263992 0.000000 -46.530865 146.263992 15.118795 -45.592106 145.791412 14.813772 -46.530865 146.263992 15.118795 -39.581516 146.263992 28.757656 -38.782959 145.791412 28.177467 -39.581516 146.263992 28.757656 -28.757656 146.263992 39.581509 -28.177469 145.791412 38.782951 -28.757656 146.263992 39.581509 -28.757656 146.263992 39.581509 -15.118795 146.263992 46.530861 -28.757656 146.263992 39.581509 -28.177469 145.791412 38.782951 -14.813772 145.791412 45.592098 -15.118795 146.263992 46.530861 -0.000001 146.263992 48.925442 -0.000001 145.791412 47.938370 -0.000001 146.263992 48.925442 15.118791 146.263992 46.530861 14.813767 145.791412 45.592098 15.118791 146.263992 46.530861 28.757648 146.263992 39.581509 28.177462 145.791412 38.782951 28.757648 146.263992 39.581509 39.581509 146.263992 28.757652 38.782951 145.791412 28.177464 39.581509 146.263992 28.757652 39.581509 146.263992 28.757652 46.530861 146.263992 15.118791 39.581509 146.263992 28.757652 38.782951 145.791412 28.177464 45.592094 145.791412 14.813769 46.530861 146.263992 15.118791 48.925430 146.263992 -0.000000 47.938358 145.791412 -0.000001 48.925430 146.263992 -0.000000 
					</float_array>
					<technique_common>
						<accessor count="384" offset="0" source="#meshId1-positions-array" stride="3">
							<param name="X" type="float" />
							<param name="Y" type="float" />
							<param name="Z" type="float" />
						</accessor>
					</technique_common>
				</source>
				<source id="meshId1-normals" name="meshId1-normals">
					<float_array id="meshId1-normals-array" count="1152"> 
						0.903184 0.313272 -0.293461 0.768294 0.313272 -0.558198 0.723290 0.447996 -0.525501 0.850279 0.447996 -0.276271 0.558198 0.313272 -0.768294 0.525501 0.447996 -0.723290 0.558198 0.313272 -0.768294 0.293462 0.313272 -0.903184 0.276272 0.447996 -0.850279 0.525501 0.447996 -0.723290 -0.000000 0.313272 -0.949663 0.000000 0.447995 -0.894036 -0.293462 0.313272 -0.903184 -0.276272 0.447995 -0.850279 -0.558198 0.313272 -0.768294 -0.525501 0.447996 -0.723290 -0.768294 0.313272 -0.558198 -0.723290 0.447995 -0.525501 -0.768294 0.313272 -0.558198 -0.903184 0.313272 -0.293462 -0.850279 0.447995 -0.276272 -0.723290 0.447995 -0.525501 -0.949664 0.313272 0.000000 -0.894036 0.447996 -0.000000 -0.903184 0.313272 0.293462 -0.850278 0.447996 0.276272 -0.768294 0.313272 0.558198 -0.723290 0.447996 0.525501 -0.558198 0.313272 0.768294 -0.525501 0.447995 0.723290 -0.558198 0.313272 0.768294 -0.293462 0.313272 0.903184 -0.276272 0.447995 0.850279 -0.525501 0.447995 0.723290 0.000000 0.313272 0.949663 0.000000 0.447995 0.894036 0.293462 0.313272 0.903184 0.276272 0.447995 0.850279 0.558198 0.313272 0.768294 0.525501 0.447995 0.723290 0.768294 0.313272 0.558198 0.723290 0.447995 0.525501 0.768294 0.313272 0.558198 0.903184 0.313272 0.293462 0.850279 0.447995 0.276272 0.723290 0.447995 0.525501 0.949663 0.313272 0.000001 0.894036 0.447995 0.000001 0.658808 0.580400 -0.478652 0.774476 0.580400 -0.251642 0.478652 0.580400 -0.658808 0.251642 0.580400 -0.774475 0.478652 0.580400 -0.658808 -0.000000 0.580400 -0.814331 -0.251642 0.580400 -0.774475 -0.478652 0.580400 -0.658808 -0.658809 0.580400 -0.478652 -0.774476 0.580400 -0.251642 -0.658809 0.580400 -0.478652 -0.814332 0.580400 -0.000000 -0.774476 0.580400 0.251642 -0.658808 0.580400 0.478652 -0.478652 0.580399 0.658809 -0.251642 0.580400 0.774476 
						-0.478652 0.580399 0.658809 0.000000 0.580399 0.814332 0.251642 0.580400 0.774476 0.478652 0.580400 0.658808 0.658808 0.580400 0.478652 0.774476 0.580400 0.251642 0.658808 0.580400 0.478652 0.814332 0.580400 0.000001 0.578714 0.698787 -0.420461 0.680319 0.698787 -0.221049 0.420460 0.698787 -0.578714 0.221049 0.698787 -0.680319 0.420460 0.698787 -0.578714 -0.000000 0.698787 -0.715330 -0.221049 0.698787 -0.680319 -0.420461 0.698787 -0.578714 -0.578714 0.698787 -0.420460 -0.680319 0.698787 -0.221049 -0.578714 0.698787 -0.420460 -0.715330 0.698787 -0.000000 -0.680319 0.698787 0.221049 -0.578714 0.698787 0.420461 -0.420460 0.698787 0.578714 -0.221049 0.698787 0.680320 -0.420460 0.698787 0.578714 0.000000 0.698786 0.715330 0.221049 0.698787 0.680319 0.420461 0.698787 0.578714 0.578714 0.698787 0.420461 0.680319 0.698787 0.221049 0.578714 0.698787 0.420461 0.715330 0.698787 0.000001 0.485137 0.800253 -0.352473 0.570313 0.800253 -0.185306 0.352473 0.800253 -0.485138 0.185306 0.800253 -0.570313 0.352473 0.800253 -0.485138 -0.000000 0.800253 -0.599662 -0.185306 0.800253 -0.570313 -0.352473 0.800253 -0.485138 -0.485137 0.800253 -0.352473 -0.570313 0.800253 -0.185306 -0.485137 0.800253 -0.352473 -0.599663 0.800253 0.000000 -0.570313 0.800253 0.185306 -0.485137 0.800253 0.352472 -0.352473 0.800253 0.485138 -0.185306 0.800253 0.570314 -0.352473 0.800253 0.485138 0.000000 0.800253 0.599663 0.185306 0.800253 0.570313 0.352473 0.800253 0.485137 0.485137 0.800253 0.352473 0.570313 0.800253 0.185306 0.485137 0.800253 0.352473 0.599663 0.800253 -0.000000 0.380846 0.882266 -0.276701 0.447712 0.882266 -0.145471 0.276701 0.882266 -0.380846 0.145470 0.882266 -0.447712 0.276701 0.882266 -0.380846 -0.000000 0.882265 -0.470752 -0.145470 0.882265 -0.447712 -0.276701 0.882265 -0.380847 
						-0.380846 0.882266 -0.276700 -0.447712 0.882266 -0.145470 -0.380846 0.882266 -0.276700 -0.470752 0.882266 0.000000 -0.447712 0.882266 0.145471 -0.380846 0.882266 0.276701 -0.276701 0.882266 0.380847 -0.145470 0.882266 0.447712 -0.276701 0.882266 0.380847 0.000000 0.882266 0.470752 0.145470 0.882266 0.447711 0.276701 0.882266 0.380846 0.380846 0.882265 0.276701 0.447712 0.882266 0.145471 0.380846 0.882265 0.276701 0.470752 0.882266 -0.000000 0.269867 0.942724 -0.196071 0.317248 0.942724 -0.103081 0.196070 0.942724 -0.269866 0.103080 0.942724 -0.317247 0.196070 0.942724 -0.269866 -0.000000 0.942724 -0.333574 -0.103080 0.942724 -0.317248 -0.196070 0.942724 -0.269867 -0.269867 0.942724 -0.196069 -0.317248 0.942724 -0.103079 -0.269867 0.942724 -0.196069 -0.333574 0.942724 0.000001 -0.317248 0.942724 0.103081 -0.269867 0.942724 0.196071 -0.196070 0.942724 0.269867 -0.103080 0.942724 0.317248 -0.196070 0.942724 0.269867 0.000000 0.942724 0.333574 0.103080 0.942724 0.317248 0.196070 0.942724 0.269867 0.269867 0.942724 0.196070 0.317248 0.942724 0.103080 0.269867 0.942724 0.196070 0.333574 0.942724 0.000001 0.162093 0.979722 -0.117769 0.190552 0.979723 -0.061914 0.117768 0.979723 -0.162093 0.061914 0.979723 -0.190551 0.117768 0.979723 -0.162093 -0.000000 0.979723 -0.200358 -0.061914 0.979723 -0.190553 -0.117768 0.979723 -0.162093 -0.162093 0.979723 -0.117767 -0.190552 0.979723 -0.061913 -0.162093 0.979723 -0.117767 -0.200358 0.979723 0.000003 -0.190552 0.979722 0.061916 -0.162093 0.979723 0.117767 -0.117768 0.979723 0.162093 -0.061914 0.979723 0.190552 -0.117768 0.979723 0.162093 0.000000 0.979723 0.200358 0.061914 0.979723 0.190552 0.117768 0.979723 0.162092 0.162093 0.979723 0.117767 0.190552 0.979723 0.061913 0.162093 0.979723 0.117767 0.200358 0.979723 -0.000001 
						0.000000 1.000000 0.000000 0.000000 1.000000 0.000000 0.000000 1.000000 0.000000 0.000000 1.000000 0.000000 0.809017 0.000000 -0.587785 0.951057 0.000000 -0.309016 0.951057 0.000000 -0.309016 0.809017 0.000000 -0.587785 0.587785 0.000000 -0.809017 0.587785 0.000000 -0.809017 0.309017 0.000000 -0.951056 0.587785 0.000000 -0.809017 0.587785 0.000000 -0.809017 0.309017 0.000000 -0.951056 -0.000000 0.000000 -1.000000 -0.000000 0.000000 -1.000000 -0.309017 0.000000 -0.951056 -0.309017 0.000000 -0.951056 -0.587785 0.000000 -0.809017 -0.587785 0.000000 -0.809017 -0.809017 0.000000 -0.587785 -0.809017 0.000000 -0.587785 -0.951056 0.000000 -0.309017 -0.809017 0.000000 -0.587785 -0.809017 0.000000 -0.587785 -0.951056 0.000000 -0.309017 -1.000000 0.000000 -0.000000 -1.000000 0.000000 -0.000000 -0.951056 0.000000 0.309017 -0.951056 0.000000 0.309017 -0.809017 0.000000 0.587786 -0.809017 0.000000 0.587786 -0.587785 0.000000 0.809017 -0.587785 0.000000 0.809017 -0.309017 0.000000 0.951056 -0.587785 0.000000 0.809017 -0.587785 0.000000 0.809017 -0.309017 0.000000 0.951056 0.000000 0.000000 1.000000 0.000000 0.000000 1.000000 0.309017 0.000000 0.951056 0.309017 0.000000 0.951056 0.587785 0.000000 0.809017 0.587785 0.000000 0.809017 0.809017 0.000000 0.587785 0.809017 0.000000 0.587785 0.951056 0.000000 0.309017 0.951056 0.000000 0.309017 1.000000 0.000000 0.000001 1.000000 0.000000 0.000001 0.937487 0.168325 -0.304607 0.797474 0.168326 -0.579398 0.579399 0.168325 -0.797473 0.579399 0.168325 -0.797473 0.304608 0.168325 -0.937486 -0.000000 0.168325 -0.985732 -0.304608 0.168325 -0.937486 -0.579399 0.168325 -0.797473 -0.797474 0.168325 -0.579398 -0.797474 0.168325 -0.579398 -0.937487 0.168325 -0.304607 -0.985731 0.168326 -0.000000 -0.937486 0.168325 0.304608 -0.797473 0.168325 0.579399 
						-0.579398 0.168325 0.797474 -0.579398 0.168325 0.797474 -0.304608 0.168325 0.937487 0.000000 0.168325 0.985731 0.304608 0.168325 0.937486 0.579398 0.168325 0.797473 0.797473 0.168326 0.579398 0.797473 0.168326 0.579398 0.937486 0.168326 0.304608 0.985732 0.168325 0.000001 0.049083 -0.998158 -0.035661 0.057700 -0.998158 -0.018748 0.000000 -1.000000 0.000000 0.000000 -1.000000 0.000000 0.035661 -0.998158 -0.049083 0.000000 -1.000000 0.000000 0.018748 -0.998158 -0.057700 0.035661 -0.998158 -0.049083 0.000000 -1.000000 0.000000 0.000000 -1.000000 -0.000000 -0.000000 -0.998158 -0.060668 0.000000 -1.000000 -0.000001 -0.018748 -0.998158 -0.057699 0.000000 -1.000000 -0.000000 -0.035661 -0.998158 -0.049083 0.000000 -1.000000 0.000000 -0.049083 -0.998158 -0.035661 0.000000 -1.000000 0.000000 -0.057700 -0.998158 -0.018748 -0.049083 -0.998158 -0.035661 0.000000 -1.000000 0.000000 0.000000 -1.000000 0.000000 -0.060669 -0.998158 -0.000000 0.000000 -1.000000 -0.000000 -0.057700 -0.998158 0.018748 0.000000 -1.000000 0.000000 -0.049083 -0.998158 0.035661 0.000000 -1.000000 0.000000 -0.035661 -0.998158 0.049082 0.000000 -1.000000 -0.000000 -0.018748 -0.998158 0.057701 -0.035661 -0.998158 0.049082 0.000000 -1.000000 -0.000000 0.000000 -1.000000 0.000001 0.000000 -0.998158 0.060669 0.000000 -1.000000 0.000001 0.018748 -0.998158 0.057700 0.000000 -1.000000 0.000001 0.035661 -0.998158 0.049083 0.000000 -1.000000 0.000000 0.049083 -0.998158 0.035660 0.000000 -1.000000 -0.000000 0.057700 -0.998158 0.018747 0.000000 -1.000000 -0.000001 0.060669 -0.998158 -0.000000 0.000000 -1.000000 -0.000000 0.927894 -0.219353 -0.301492 0.789317 -0.219349 -0.573467 0.410694 -0.901955 -0.133444 0.057700 -0.998158 -0.018748 0.049083 -0.998158 -0.035661 0.349357 -0.901954 -0.253826 0.573472 -0.219350 -0.789313 0.035661 -0.998158 -0.049083 
						0.253822 -0.901953 -0.349363 0.573472 -0.219350 -0.789313 0.301490 -0.219350 -0.927895 0.253822 -0.901953 -0.349363 0.035661 -0.998158 -0.049083 0.018748 -0.998158 -0.057700 0.133442 -0.901957 -0.410691 -0.000001 -0.219349 -0.975646 -0.000000 -0.998158 -0.060668 -0.000000 -0.901962 -0.431816 -0.301490 -0.219349 -0.927895 -0.018748 -0.998158 -0.057699 -0.133443 -0.901958 -0.410689 -0.573471 -0.219350 -0.789314 -0.035661 -0.998158 -0.049083 -0.253822 -0.901955 -0.349360 -0.789316 -0.219350 -0.573469 -0.049083 -0.998158 -0.035661 -0.349357 -0.901955 -0.253826 -0.789316 -0.219350 -0.573469 -0.927896 -0.219347 -0.301490 -0.349357 -0.901955 -0.253826 -0.049083 -0.998158 -0.035661 -0.057700 -0.998158 -0.018748 -0.410694 -0.901955 -0.133445 -0.975647 -0.219346 -0.000000 -0.060669 -0.998158 -0.000000 -0.431828 -0.901956 -0.000000 -0.927895 -0.219347 0.301492 -0.057700 -0.998158 0.018748 -0.410693 -0.901956 0.133444 -0.789313 -0.219349 0.573473 -0.049083 -0.998158 0.035661 -0.349356 -0.901956 0.253822 -0.573469 -0.219350 0.789315 -0.035661 -0.998158 0.049082 -0.253822 -0.901956 0.349357 -0.573469 -0.219350 0.789315 -0.301493 -0.219352 0.927894 -0.253822 -0.901956 0.349357 -0.035661 -0.998158 0.049082 -0.018748 -0.998158 0.057701 -0.133443 -0.901955 0.410695 0.000000 -0.219351 0.975646 0.000000 -0.998158 0.060669 0.000000 -0.901958 0.431823 0.301490 -0.219351 0.927895 0.018748 -0.998158 0.057700 0.133443 -0.901959 0.410686 0.573469 -0.219350 0.789315 0.035661 -0.998158 0.049083 0.253823 -0.901955 0.349357 0.789313 -0.219351 0.573472 0.049083 -0.998158 0.035660 0.349356 -0.901955 0.253824 0.789313 -0.219351 0.573472 0.927894 -0.219353 0.301492 0.349356 -0.901955 0.253824 0.049083 -0.998158 0.035660 0.057700 -0.998158 0.018747 0.410694 -0.901956 0.133442 0.975645 -0.219354 0.000001 0.060669 -0.998158 -0.000000 0.431830 -0.901955 -0.000000 
					</float_array>
					<technique_common>
						<accessor count="384" offset="0" source="#meshId1-normals-array" stride="3">
							<param name="X" type="float" />
							<param name="Y" type="float" />
							<param name="Z" type="float" />
						</accessor>
					</technique_common>
				</source>
				<source id="meshId1-tangents" name="meshId1-tangents">
					<float_array id="meshId1-tangents-array" count="1152"> 
						0.314414 -0.948239 -0.044583 0.338117 -0.939082 -0.061655 0.471696 -0.876317 -0.097836 0.446028 -0.891981 -0.073678 0.380749 -0.919441 -0.098272 0.526837 -0.838882 -0.136822 0.824526 -0.312770 0.471521 0.940354 -0.264671 0.213737 0.947568 -0.274799 0.163097 0.848030 -0.344265 0.402897 0.982875 -0.174996 -0.057727 0.981197 -0.172558 -0.086468 0.943542 -0.056935 -0.326324 0.941561 -0.051232 -0.332925 0.815881 0.038901 -0.576911 0.824207 0.057200 -0.563393 0.617734 0.134385 -0.774819 0.649098 0.181402 -0.738760 0.312108 0.944705 0.100607 0.303776 0.949491 0.078658 0.446525 0.891872 0.071973 0.474974 0.875144 0.092324 0.312413 0.947060 0.073999 0.447229 0.892505 0.058487 0.347256 0.935116 0.070506 0.475981 0.878531 0.040317 0.401060 0.915248 0.038356 0.528338 0.849027 0.003390 0.470042 0.882454 -0.018315 0.606305 0.793593 -0.051034 0.829701 0.206914 0.518443 0.954244 0.152756 0.257069 0.960074 0.169106 0.222848 0.850205 0.244907 0.466018 0.998014 0.059827 -0.019736 0.997526 0.062843 -0.031491 0.955261 -0.059712 -0.289672 0.958204 -0.060008 -0.279722 0.828220 -0.154964 -0.538551 0.843934 -0.166744 -0.509875 0.633178 -0.244073 -0.734516 0.672147 -0.282252 -0.684509 0.380671 -0.924697 -0.004990 0.338317 -0.940286 -0.037473 0.476887 -0.877852 -0.044209 0.534457 -0.845059 -0.015196 0.312937 -0.948647 -0.046245 0.447175 -0.892400 -0.060472 0.602198 -0.788198 -0.126892 0.575967 -0.811462 -0.098949 0.659836 -0.732801 -0.166188 0.954785 -0.279770 0.100566 0.875794 -0.368829 0.311368 0.978610 -0.167526 -0.119401 0.940427 -0.042402 -0.337340 0.838146 0.078534 -0.539762 0.692977 0.220519 -0.686407 0.586792 0.807728 0.057022 0.626884 0.775274 0.077243 0.579961 0.813716 0.038869 0.602529 0.797976 0.013902 0.650965 0.758727 -0.024033 0.726385 0.683271 -0.074201 0.967018 0.183370 0.176783 
						0.876944 0.279154 0.391206 0.996684 0.066264 -0.047228 0.961728 -0.060315 -0.267284 0.864135 -0.178568 -0.470515 0.722495 -0.310775 -0.617592 0.610877 -0.789516 -0.059108 0.673682 -0.738329 -0.031967 0.578608 -0.811818 -0.078513 0.716475 -0.681913 -0.147168 0.692075 -0.711768 -0.120075 0.769062 -0.612914 -0.181327 0.960822 -0.275638 0.029070 0.904141 -0.375969 0.202920 0.975177 -0.158394 -0.154731 0.940512 -0.031813 -0.338268 0.856838 0.096041 -0.506562 0.744844 0.242935 -0.621442 0.710506 0.702817 0.035052 0.752931 0.655900 0.053757 0.698684 0.715225 0.017147 0.715204 0.698868 -0.008110 0.756764 0.652305 -0.042505 0.821735 0.563700 -0.083632 0.974183 0.191031 0.120314 0.906606 0.298438 0.298329 0.995417 0.068407 -0.066825 0.965726 -0.059520 -0.252648 0.887480 -0.184122 -0.422468 0.779011 -0.321111 -0.538544 0.726815 -0.682075 -0.080709 0.785398 -0.616400 -0.056578 0.695376 -0.711838 -0.098689 0.811553 -0.562147 -0.159289 0.791249 -0.595785 -0.137712 0.853545 -0.487464 -0.183954 0.964798 -0.258373 -0.049063 0.929502 -0.359524 0.082273 0.970942 -0.143509 -0.191513 0.941796 -0.021037 -0.335526 0.878812 0.104874 -0.465500 0.800178 0.243720 -0.548010 0.813451 0.581578 0.008029 0.850393 0.525647 0.022962 0.800240 0.599653 -0.005679 0.811191 0.584191 -0.026265 0.843472 0.534576 -0.052758 0.893011 0.442627 -0.081321 0.980664 0.187764 0.055170 0.935776 0.296241 0.191219 0.993657 0.067432 -0.089988 0.970064 -0.056267 -0.236240 0.912460 -0.178776 -0.368043 0.836999 -0.308287 -0.452098 0.821226 -0.560467 -0.107071 0.868519 -0.487795 -0.087926 0.794453 -0.595317 -0.120174 0.885742 -0.433989 -0.164663 0.870989 -0.467101 -0.152298 0.914394 -0.363604 -0.177976 0.965679 -0.225039 -0.129698 0.947828 -0.315858 -0.043077 0.966017 -0.121679 -0.228046 0.944068 -0.011571 -0.329548 0.901971 0.101736 -0.419640 
						0.853655 0.220510 -0.471856 0.892974 0.449593 -0.021547 0.919382 0.393192 -0.011723 0.881907 0.470560 -0.028526 0.888274 0.457495 -0.040845 0.910138 0.410485 -0.056140 0.942561 0.326354 -0.071219 0.985295 0.170185 -0.015227 0.960316 0.268333 0.076092 0.991363 0.061736 -0.115703 0.974427 -0.049432 -0.219199 0.936900 -0.159560 -0.311062 0.891023 -0.270225 -0.364770 0.892342 -0.430422 -0.135876 0.924598 -0.360568 -0.122923 0.873316 -0.465977 -0.142071 0.938349 -0.303163 -0.166111 0.929353 -0.330696 -0.164141 0.954121 -0.246921 -0.169359 0.962800 -0.174659 -0.206179 0.956081 -0.244933 -0.160989 0.960686 -0.092613 -0.261735 0.946926 -0.004625 -0.321419 0.923611 0.085099 -0.373766 0.899460 0.174120 -0.400816 0.948242 0.313751 -0.048963 0.962842 0.266388 -0.044416 0.941589 0.333173 -0.049056 0.944766 0.323610 -0.051903 0.956818 0.285391 -0.055242 0.973836 0.219445 -0.059051 0.986968 0.136561 -0.085115 0.976273 0.213463 -0.036384 0.988567 0.050296 -0.142144 0.978330 -0.038511 -0.203441 0.958140 -0.125632 -0.257263 0.935463 -0.208425 -0.285428 0.940365 -0.298646 -0.162863 0.957688 -0.241632 -0.156356 0.930216 -0.329148 -0.162356 0.969062 -0.180557 -0.168277 0.964799 -0.198548 -0.172456 0.975432 -0.144731 -0.166091 0.957149 -0.112397 -0.266895 0.955181 -0.156400 -0.251335 0.955649 -0.059007 -0.288537 0.949686 -0.000901 -0.313204 0.940407 0.057594 -0.335138 0.931762 0.112670 -0.345146 0.980257 0.186507 -0.065659 0.985689 0.155158 -0.065911 0.977873 0.199980 -0.061415 0.979240 0.194142 -0.058288 0.984056 0.169346 -0.054371 0.990434 0.127703 -0.052271 0.985439 0.090296 -0.144070 0.982120 0.139052 -0.126907 0.985487 0.034010 -0.166306 0.981091 -0.024664 -0.191966 0.973226 -0.081424 -0.214947 0.965169 -0.132573 -0.225552 0.967562 -0.176782 -0.180477 0.973743 -0.139477 -0.179920 0.964458 -0.197237 -0.175839 
						0.983563 0.000000 -0.180568 0.952661 0.000000 -0.304034 0.997820 0.000000 -0.065991 0.983661 0.000000 -0.180030 -0.521104 0.462624 -0.717238 -0.289421 0.350430 -0.890749 -0.292616 0.321445 -0.900582 -0.533084 0.421266 -0.733727 -0.682291 0.537352 -0.495713 -0.705515 0.489391 -0.512587 0.937328 0.169299 0.304556 0.791162 0.208934 0.574813 0.794739 0.187046 0.577411 0.939170 0.157607 0.305155 0.998272 0.058758 -0.000000 0.998217 0.059684 -0.000000 0.949433 -0.058408 -0.308490 0.949851 -0.050333 -0.308626 0.795156 -0.184316 -0.577715 0.799098 -0.156108 -0.580579 0.565576 -0.272288 -0.778449 0.572114 -0.229370 -0.787448 0.304556 0.169311 -0.937326 0.574811 0.208948 -0.791159 0.577410 0.187060 -0.794737 0.305154 0.157619 -0.939168 0.000000 0.058766 -0.998272 0.000000 0.059692 -0.998217 -0.308490 -0.058408 -0.949433 -0.308626 -0.050332 -0.949851 -0.577714 -0.184325 -0.795154 -0.580579 -0.156116 -0.799097 -0.778446 -0.272302 -0.565574 -0.787446 -0.229382 -0.572113 0.860454 -0.425976 0.279579 0.717876 -0.461108 0.521567 0.723646 -0.447117 0.525759 0.865841 -0.413731 0.281329 0.942209 -0.335025 0.000000 0.946099 -0.323878 0.000000 0.925078 -0.232129 -0.300577 0.927480 -0.221279 -0.301357 0.803148 -0.120238 -0.583521 0.803797 -0.113413 -0.583993 0.587782 -0.003320 -0.809012 0.587781 -0.003874 -0.809011 0.306946 0.115592 -0.944681 0.307285 0.105735 -0.945725 0.000001 0.234102 -0.972212 0.000001 0.214559 -0.976711 0.174443 -0.984641 -0.007229 0.205630 -0.978629 -0.001283 0.218346 -0.974734 -0.047102 0.803631 -0.281154 0.524528 0.933262 -0.249454 0.258446 0.984634 -0.172139 -0.029395 0.946343 -0.058051 -0.317909 0.811692 0.030519 -0.583288 0.597768 0.090053 -0.796595 0.137266 0.985730 0.097441 0.155143 0.985606 0.067162 0.167764 0.982444 0.081605 0.210765 0.971095 0.112042 0.275045 0.956133 0.100793 
						0.318360 0.947452 0.031320 0.813731 0.174984 0.554276 0.949018 0.137452 0.283675 0.998317 0.057159 -0.009761 0.952468 -0.058323 -0.299004 0.814728 -0.146878 -0.560933 0.603217 -0.201991 -0.771575 0.213209 -0.976959 -0.009632 0.193252 -0.979696 -0.053389 0.168165 -0.984792 -0.043649 -0.155255 0.027645 -0.987488 0.015299 0.019661 -0.999690 0.039918 -0.000000 -0.999203 -0.143431 -0.000000 -0.989660 -0.200708 0.040961 -0.978794 -0.201335 -0.000000 -0.979522 0.991305 0.011039 0.131124 0.974759 0.023909 0.221977 0.974295 0.000000 0.225278 0.991369 -0.000000 0.131102 0.998506 0.003315 -0.054534 0.998478 0.000000 -0.055154 0.966845 -0.003400 -0.255341 0.968095 0.000000 -0.250582 0.905054 -0.011428 -0.425144 0.904797 0.000000 -0.425843 0.878461 -0.026152 -0.477098 0.875627 -0.000000 -0.482988 0.131111 0.011040 -0.991306 0.221962 0.023910 -0.974762 0.225263 -0.000000 -0.974298 0.131089 -0.000000 -0.991371 -0.054541 0.003316 -0.998506 -0.055162 0.000000 -0.998477 -0.255338 -0.003400 -0.966846 -0.250580 -0.000000 -0.968096 -0.425134 -0.011429 -0.905058 -0.425833 -0.000000 -0.904802 -0.477086 -0.026152 -0.878468 -0.482975 0.000000 -0.875634 0.988422 -0.027194 -0.149273 0.996822 -0.039028 -0.069441 0.997448 0.000000 -0.071391 0.988093 -0.000000 -0.153857 0.946521 -0.019574 -0.322047 0.944181 -0.000000 -0.329428 0.862007 -0.013101 -0.506727 0.858240 -0.000001 -0.513248 0.740494 -0.006591 -0.672030 0.737452 -0.000000 -0.675400 0.587822 0.000003 -0.808990 0.588405 0.000000 -0.808566 0.410190 0.006583 -0.911976 0.417422 0.000001 -0.908713 0.215372 0.013091 -0.976444 0.231595 0.000000 -0.972812 -0.192863 -0.974419 0.115376 -0.112171 -0.969805 0.216555 -0.847071 -0.431592 0.310159 -0.931878 -0.060587 0.357678 -0.737956 -0.060301 0.672149 -0.673363 -0.430051 0.601364 -0.055133 -0.971637 0.229961 -0.603950 -0.060656 0.794711 
						-0.552538 -0.431665 0.712999 0.754377 -0.234303 0.613203 0.901640 -0.250900 0.352271 0.730805 -0.057786 0.680136 0.747175 -0.005987 0.664600 0.850804 -0.014385 0.525287 0.847920 -0.110622 0.518454 0.983733 -0.175261 0.039402 0.986091 -0.010083 0.165900 0.983651 -0.077765 0.162432 0.953423 -0.059709 -0.295669 0.967092 -0.003458 -0.254404 0.966468 -0.026698 -0.255396 0.804576 0.030594 -0.593062 0.792485 0.001678 -0.609889 0.792747 0.012958 -0.609413 0.583249 0.023952 -0.811940 0.667133 -0.006192 -0.744913 0.646073 -0.035681 -0.762441 -0.203306 0.974690 -0.092987 -0.217728 0.975213 -0.039410 -0.812351 0.426559 -0.397660 -0.897835 0.059735 -0.436260 -0.960278 0.060626 -0.272381 -0.865229 0.431697 -0.254983 -0.218540 0.972063 0.085636 -0.993920 0.060412 0.092047 -0.899704 0.430750 0.070626 -0.153200 0.961522 0.228044 -0.879600 0.059711 0.471952 -0.801853 0.426958 0.418017 -0.038622 0.949896 0.310170 -0.646649 0.058968 0.760505 -0.591550 0.422392 0.686771 0.046261 0.953280 0.298526 -0.494486 0.060304 0.867091 -0.451658 0.429912 0.781781 0.786495 0.122216 0.605384 0.932225 0.136471 0.335161 0.799819 0.007395 0.600196 0.814783 -0.000601 0.579765 0.903694 0.007774 0.428109 0.903173 0.059930 0.425073 0.998234 0.057962 0.013031 0.998495 0.003328 0.054747 0.998230 0.025685 0.053648 0.945155 -0.059484 -0.321160 0.932367 -0.003385 -0.361497 0.932513 -0.026044 -0.360197 0.779569 -0.150031 -0.608082 0.718160 -0.008559 -0.695825 0.718741 -0.065830 -0.692154 0.555945 -0.141096 -0.819157 0.578803 -0.000672 -0.815467 0.558474 -0.017075 -0.829346 -0.129633 -0.972489 -0.193549 -0.179486 -0.971558 -0.154463 -0.748095 -0.431609 -0.504051 -0.830975 -0.060618 -0.552997 -0.917453 -0.060420 -0.393230 -0.824941 -0.429914 -0.366942 -0.219224 -0.975067 -0.034420 -0.997600 -0.060635 -0.033444 -0.901002 -0.431373 -0.045951 
					</float_array>
					<technique_common>
						<accessor count="384" offset="0" source="#meshId1-tangents-array" stride="3">
							<param name="X" type="float" />
							<param name="Y" type="float" />
							<param name="Z" type="float" />
						</accessor>
					</technique_common>
				</source>
				<source id="meshId1-bitangents" name="meshId1-bitangents">
					<float_array id="meshId1-bitangents-array" count="1152"> 
						-0.292238 -0.052002 -0.954931 -0.543509 -0.141367 -0.827414 -0.504335 -0.177113 -0.845149 -0.279436 -0.060578 -0.958252 -0.737187 -0.237672 -0.632508 -0.668051 -0.309156 -0.676854 -0.092585 -0.896680 -0.432888 -0.172089 -0.912036 -0.372257 -0.160589 -0.850756 -0.500425 -0.068507 -0.825095 -0.560825 -0.184272 -0.933401 -0.307907 -0.193011 -0.877225 -0.439572 -0.153651 -0.947955 -0.278877 -0.192711 -0.892567 -0.407661 -0.150843 -0.948866 -0.277307 -0.211025 -0.892204 -0.399300 -0.167716 -0.940107 -0.296766 -0.235634 -0.875439 -0.421999 0.558850 -0.096922 -0.823586 0.303281 -0.018104 -0.952729 0.278643 -0.062166 -0.958381 0.501249 -0.182822 -0.845769 0.023182 0.070275 -0.997258 0.026202 0.052290 -0.998288 -0.252334 0.165586 -0.953367 -0.224652 0.165781 -0.960233 -0.498874 0.253340 -0.828821 -0.444646 0.280094 -0.850786 -0.683722 0.350907 -0.639835 -0.596861 0.411716 -0.688656 0.003443 0.926848 -0.375421 -0.057434 0.937297 -0.343766 -0.043952 0.877897 -0.476828 0.031635 0.859838 -0.509587 -0.062998 0.947777 -0.312650 -0.070292 0.891824 -0.446887 -0.036815 0.947784 -0.316780 -0.074291 0.892020 -0.445849 -0.049655 0.936935 -0.345959 -0.107817 0.878349 -0.465702 -0.093863 0.917763 -0.385877 -0.158333 0.848312 -0.505269 0.514601 0.216323 -0.829693 0.264199 0.133128 -0.955236 0.222721 0.169341 -0.960062 0.437272 0.291849 -0.850657 -0.014486 0.043917 -0.998930 -0.027090 0.054064 -0.998170 -0.450921 -0.204646 -0.868787 -0.261628 -0.068304 -0.962749 -0.579231 -0.355159 -0.733726 -0.158306 -0.764764 -0.624560 -0.062269 -0.726017 -0.684852 -0.205722 -0.796913 -0.567985 -0.228631 -0.813227 -0.535154 -0.261539 -0.810536 -0.524050 -0.292839 -0.783906 -0.547483 0.236354 -0.103499 -0.966139 0.415918 -0.249171 -0.874600 0.022560 0.031652 -0.999244 -0.192736 0.162388 -0.967721 -0.377115 0.295753 -0.877676 -0.493211 0.443032 -0.748642 -0.039411 0.793418 -0.607400 
						0.043147 0.764990 -0.642596 -0.081372 0.811631 -0.578475 -0.108419 0.812095 -0.573364 -0.155445 0.794512 -0.587016 -0.209697 0.752699 -0.624077 0.164370 0.199500 -0.966014 0.334849 0.343520 -0.877422 -0.045568 0.063936 -0.996913 -0.389557 -0.216082 -0.895296 -0.241242 -0.071293 -0.967843 -0.481411 -0.368827 -0.795117 -0.167208 -0.660091 -0.732339 -0.075781 -0.608559 -0.789882 -0.221428 -0.697573 -0.681441 -0.258020 -0.714622 -0.650185 -0.298398 -0.708853 -0.639129 -0.332111 -0.672814 -0.661077 0.179851 -0.133210 -0.974633 0.313345 -0.285468 -0.905717 0.011982 0.012266 -0.999853 -0.160151 0.152578 -0.975229 -0.303970 0.293591 -0.906315 -0.384663 0.440386 -0.811231 -0.045888 0.689351 -0.722973 0.035758 0.650102 -0.759005 -0.095630 0.712052 -0.695584 -0.136055 0.712850 -0.687993 -0.188661 0.691228 -0.697575 -0.241313 0.639207 -0.730194 0.094374 0.215570 -0.971917 0.219636 0.362971 -0.905545 -0.068962 0.070596 -0.995118 -0.325613 -0.208773 -0.922166 -0.220607 -0.068084 -0.972984 -0.383697 -0.349248 -0.854870 -0.186617 -0.541145 -0.819961 -0.108579 -0.479935 -0.870559 -0.239316 -0.582237 -0.776999 -0.280504 -0.599294 -0.749776 -0.321639 -0.590421 -0.740237 -0.352642 -0.547901 -0.758583 0.114195 -0.146158 -0.982648 0.203651 -0.288601 -0.935540 -0.004544 -0.003405 -0.999984 -0.129272 0.135340 -0.982330 -0.230643 0.271706 -0.934334 -0.279812 0.404570 -0.870648 -0.062934 0.569509 -0.819572 0.009306 0.521379 -0.853274 -0.112450 0.595859 -0.795177 -0.156962 0.597017 -0.786724 -0.207797 0.572394 -0.793212 -0.253130 0.514349 -0.819372 0.018174 0.213242 -0.976830 0.101572 0.348786 -0.931682 -0.096170 0.072064 -0.992753 -0.265362 -0.182374 -0.946743 -0.202317 -0.058518 -0.977570 -0.295499 -0.298997 -0.907349 -0.215180 -0.413478 -0.884722 -0.158298 -0.349057 -0.923635 -0.258478 -0.454755 -0.852284 -0.295930 -0.470610 -0.831235 -0.331488 -0.459628 -0.823929 
						-0.355287 -0.415911 -0.837131 0.046392 -0.139548 -0.989128 0.098453 -0.258858 -0.960885 -0.025167 -0.013429 -0.999593 -0.102589 0.110931 -0.988519 -0.163112 0.230455 -0.959315 -0.187125 0.339265 -0.921891 -0.089628 0.438913 -0.894048 -0.035060 0.386788 -0.921502 -0.131143 0.466686 -0.874646 -0.171261 0.468149 -0.866895 -0.213671 0.442886 -0.870745 -0.247053 0.385469 -0.889033 -0.057265 0.190643 -0.979988 -0.008681 0.302652 -0.953062 -0.125344 0.066880 -0.989857 -0.216038 -0.139155 -0.966418 -0.188829 -0.043725 -0.981036 -0.226295 -0.224279 -0.947887 -0.249780 -0.284193 -0.925659 -0.217868 -0.226448 -0.949344 -0.277637 -0.320460 -0.905662 -0.304477 -0.333542 -0.892213 -0.329393 -0.322536 -0.887395 -0.343720 -0.284524 -0.894932 -0.013818 -0.113278 -0.993467 0.010358 -0.200770 -0.979584 -0.046247 -0.016363 -0.998796 -0.082288 0.080921 -0.993318 -0.108035 0.172696 -0.979032 -0.114890 0.251228 -0.961085 -0.123564 0.304340 -0.944515 -0.091907 0.256330 -0.962210 -0.150780 0.329761 -0.931946 -0.179571 0.331344 -0.926264 -0.208624 0.309012 -0.927894 -0.228214 0.260444 -0.938130 -0.122750 0.148601 -0.981249 -0.100024 0.229969 -0.968044 -0.153057 0.054159 -0.986732 -0.186129 -0.086849 -0.978679 -0.181252 -0.026873 -0.983069 -0.186183 -0.138551 -0.972697 -0.282901 -0.165861 -0.944700 -0.271590 -0.125229 -0.954231 -0.294509 -0.191472 -0.936271 -0.307024 -0.200357 -0.930372 -0.319006 -0.191902 -0.928121 -0.324878 -0.165677 -0.931131 -0.052780 -0.073202 -0.995920 -0.046302 -0.126765 -0.990852 -0.060170 -0.012302 -0.998112 -0.069126 0.049524 -0.996378 -0.073212 0.107076 -0.991552 -0.071911 0.154386 -0.985390 -0.158355 0.178857 -0.971048 -0.146873 0.144249 -0.978581 -0.169748 0.197450 -0.965504 -0.183374 0.198834 -0.962725 -0.197390 0.183066 -0.963081 -0.205366 0.150226 -0.967087 -0.165873 0.094295 -0.981629 -0.159846 0.143839 -0.976606 -0.172274 0.035229 -0.984419 
						-0.180568 0.000000 -0.983563 -0.304034 0.000000 -0.952661 -0.065991 0.000000 -0.997820 -0.180030 0.000000 -0.983661 0.271924 0.886554 0.374271 0.108289 0.936589 0.333279 0.099332 0.946928 0.305713 0.247614 0.906937 0.340812 0.434727 0.843358 0.315847 0.395926 0.872065 0.287657 0.161013 -0.985565 0.052316 0.169031 -0.977930 0.122808 0.151324 -0.982351 0.109943 0.149893 -0.987502 0.048703 0.058758 -0.998272 -0.000000 0.059684 -0.998217 -0.000000 -0.055549 -0.998293 0.018049 -0.047869 -0.998732 0.015554 -0.149114 -0.982867 0.108338 -0.126294 -0.987740 0.091758 -0.160047 -0.962216 0.220286 -0.134820 -0.973339 0.185564 0.052320 -0.985563 -0.161025 0.122816 -0.977927 -0.169042 0.109951 -0.982348 -0.151335 0.048707 -0.987500 -0.149904 0.000000 -0.998272 -0.058766 0.000000 -0.998217 -0.059692 0.018049 -0.998293 0.055549 0.015553 -0.998733 0.047868 0.108344 -0.982865 0.149122 0.091763 -0.987739 0.126300 0.220297 -0.962212 0.160055 0.185574 -0.973337 0.134827 0.405127 0.904734 0.131634 0.373045 0.887344 0.271033 0.361725 0.894476 0.262808 0.393482 0.910399 0.127850 0.335025 0.942209 0.000000 0.323878 0.946099 0.000000 0.220768 0.972685 -0.071732 0.210449 0.975211 -0.068379 0.097275 0.992745 -0.070674 0.091753 0.993548 -0.066662 0.001951 0.999995 -0.002686 0.002277 0.999992 -0.003134 -0.035720 0.993297 0.109935 -0.032674 0.994394 0.100560 -0.000000 0.972212 0.234102 -0.000000 0.976711 0.214559 -0.301145 -0.046360 -0.952451 -0.567232 -0.118119 -0.815044 -0.785253 -0.146834 -0.601513 -0.135922 -0.944785 -0.298172 -0.190357 -0.953645 -0.233077 -0.174631 -0.970585 -0.165739 -0.107934 -0.984021 -0.141611 -0.073844 -0.985259 -0.154311 -0.081911 -0.981609 -0.172434 0.587532 -0.001825 -0.809199 0.311528 0.015706 -0.950107 0.013736 0.080441 -0.996665 -0.276944 0.169239 -0.945865 -0.537017 0.239741 -0.808788 
						-0.750296 0.272030 -0.602540 -0.046247 0.970076 -0.238357 -0.081110 0.976101 -0.201613 -0.057987 0.984073 -0.168042 0.004347 0.984005 -0.178090 0.022712 0.974727 -0.222240 -0.012843 0.964814 -0.262620 0.564427 0.131215 -0.814988 0.289436 0.108918 -0.950980 -0.007347 0.043027 -0.999047 0.986654 0.054005 -0.153612 0.998217 0.057395 0.016405 0.999203 0.000000 0.039918 0.989660 -0.000000 -0.143431 0.979002 0.044756 -0.198878 0.979522 -0.000000 -0.201335 -0.130245 -0.059656 0.989685 -0.220394 -0.055760 0.973816 -0.225278 0.000000 0.974295 -0.131102 -0.000000 0.991369 0.054635 -0.060577 0.996667 0.055154 -0.000001 0.998478 0.254674 -0.060574 0.965128 0.250582 -0.000000 0.968095 0.423800 -0.059584 0.903794 0.425843 0.000000 0.904797 0.475287 -0.054744 0.878126 0.482988 0.000000 0.875627 0.989687 -0.059657 0.130233 0.973819 -0.055759 0.220380 0.974298 0.000000 0.225263 0.991371 0.000000 0.131089 0.996667 -0.060579 -0.054642 0.998477 0.000000 -0.055162 0.965129 -0.060574 -0.254672 0.968096 -0.000000 -0.250580 0.903799 -0.059583 -0.423790 0.904802 -0.000000 -0.425833 0.878133 -0.054743 -0.475274 0.875634 0.000000 -0.482975 0.150567 0.054234 0.987111 0.071229 0.046450 0.996378 0.071391 -0.000000 0.997448 0.153857 0.000001 0.988093 0.322641 0.057425 0.944778 0.329428 0.000001 0.944181 0.506550 0.059238 0.860173 0.513248 0.000001 0.858240 0.671116 0.060311 0.738895 0.675400 0.000000 0.737452 0.807500 0.060669 0.586739 0.808566 -0.000000 0.588405 0.910173 0.060311 0.409815 0.908713 -0.000000 0.417422 0.974646 0.059240 0.215769 0.972812 -0.000000 0.231595 -0.319087 -0.048910 -0.946463 -0.603653 -0.106604 -0.790088 -0.337343 -0.014344 -0.941273 -0.358155 -0.003168 -0.933657 -0.673062 -0.006675 -0.739556 -0.651561 -0.039174 -0.757585 -0.817368 -0.088359 -0.569300 -0.796224 0.001304 -0.605001 
						-0.793900 0.012062 -0.607929 -0.319445 -0.947094 0.031106 -0.310080 -0.942833 0.122131 -0.633640 -0.427950 0.644484 -0.663670 -0.060374 0.745585 -0.525149 -0.058939 0.848967 -0.513055 -0.417417 0.750025 -0.179636 -0.959776 0.215781 -0.166206 -0.059824 0.984275 -0.180087 -0.424756 0.887215 0.009451 -0.973818 0.227134 0.253736 -0.060570 0.965375 0.219392 -0.430999 0.875276 0.154237 -0.975166 0.158939 0.608848 -0.060647 0.790965 0.554190 -0.431636 0.711733 0.191834 -0.975352 0.109030 0.743320 -0.060353 0.666208 0.678630 -0.430354 0.595194 0.579351 0.043193 -0.813933 0.302662 0.029075 -0.952654 0.466943 0.067270 -0.881725 0.437587 0.010605 -0.899114 0.273015 0.002287 -0.962007 0.287591 0.010740 -0.957693 -0.018784 0.083550 -0.996327 -0.091877 0.005585 -0.995755 -0.063701 0.030498 -0.997503 -0.339912 0.165413 -0.925796 -0.472202 0.010741 -0.881425 -0.434008 0.064674 -0.898585 -0.612775 0.222672 -0.758237 -0.761207 0.014268 -0.648353 -0.726649 0.089779 -0.681117 -0.817920 0.207710 -0.536529 -0.868454 0.006651 -0.495725 -0.855324 0.040644 -0.516497 -0.229258 0.967961 0.102430 -0.200149 0.966054 0.163340 -0.543934 0.431765 0.719524 -0.578668 0.060666 0.813304 -0.427769 0.060170 0.901883 -0.408010 0.427652 0.806624 -0.059409 0.973923 0.218964 -0.054848 0.060578 0.996655 -0.059479 0.431058 0.900362 0.125642 0.973831 0.189386 0.361026 0.060575 0.930586 0.335579 0.431036 0.837613 0.251805 0.964042 0.084960 0.694964 0.060063 0.716532 0.647290 0.426782 0.631563 0.260597 0.965390 0.010578 0.813989 0.060666 0.577704 0.752367 0.431491 0.497754 0.600150 0.078430 -0.796033 0.326799 0.089212 -0.940874 0.564184 -0.013791 -0.825534 0.554140 -0.002490 -0.832420 0.393638 0.005490 -0.919249 0.388334 0.040619 -0.920623 0.007551 0.033582 -0.999407 0.033382 0.002029 -0.999441 0.041446 0.019843 -0.998944 
					</float_array>
					<technique_common>
						<accessor count="384" offset="0" source="#meshId1-bitangents-array" stride="3">
							<param name="X" type="float" />
							<param name="Y" type="float" />
							<param name="Z" type="float" />
						</accessor>
					</technique_common>
				</source>
				<source id="meshId1-tex0" name="meshId1-tex0">
					<float_array id="meshId1-tex0-array" count="768"> 
						0.399903 0.690076 0.389816 0.768414 0.347937 0.761179 0.358138 0.687602 0.373250 0.847246 0.329262 0.834256 0.890489 0.756104 0.814724 0.780771 0.802751 0.739939 0.873249 0.713318 0.738472 0.800035 0.731085 0.758855 0.660672 0.809716 0.657959 0.767966 0.581689 0.809402 0.583684 0.766950 0.501412 0.802720 0.508859 0.757463 0.061895 0.556803 0.056223 0.477326 0.098737 0.475550 0.107576 0.550386 0.055910 0.398678 0.097657 0.401437 0.065272 0.320839 0.106444 0.328271 0.084619 0.244261 0.125338 0.256433 0.110458 0.167964 0.152585 0.186102 0.353660 0.279537 0.431891 0.264413 0.438731 0.306411 0.365486 0.324123 0.509938 0.254710 0.512185 0.296487 0.588337 0.254708 0.585876 0.296473 0.666678 0.264771 0.659456 0.306652 0.745516 0.281312 0.732539 0.325304 0.375146 0.455391 0.390246 0.533626 0.348246 0.540454 0.330555 0.467203 0.399925 0.611677 0.358147 0.613910 0.306431 0.751608 0.316795 0.684447 0.285969 0.817004 0.788487 0.699608 0.851379 0.671667 0.723072 0.718128 0.655973 0.726550 0.588045 0.724578 0.520619 0.712367 0.141317 0.471430 0.153270 0.539203 0.139114 0.403480 0.147118 0.336329 0.165408 0.270881 0.193515 0.208387 0.447907 0.348194 
						0.382046 0.368156 0.515108 0.337891 0.582734 0.337818 0.649898 0.348161 0.715301 0.368603 0.306460 0.549617 0.286518 0.483750 0.316742 0.616821 0.265341 0.739676 0.275666 0.680550 0.244161 0.795834 0.771749 0.659914 0.825328 0.631905 0.714262 0.677686 0.654749 0.685256 0.594800 0.682328 0.536452 0.668260 0.183875 0.464755 0.198141 0.523507 0.180487 0.404679 0.187489 0.345097 0.204784 0.287622 0.232504 0.234387 0.459616 0.389650 0.402989 0.410830 0.518858 0.379111 0.578849 0.378947 0.637979 0.389254 0.694143 0.410418 0.265000 0.561314 0.243837 0.504680 0.275521 0.620558 0.224749 0.725472 0.234571 0.675933 0.204369 0.771201 0.752503 0.621012 0.795575 0.594634 0.704527 0.637379 0.654245 0.643905 0.603871 0.640289 0.555971 0.625725 0.226270 0.455456 0.241486 0.503617 0.221952 0.404950 0.227741 0.354577 0.243395 0.306561 0.269078 0.263585 0.473912 0.430631 0.427913 0.451490 0.523541 0.420312 0.574245 0.420044 0.623787 0.429851 0.669522 0.450217 0.224015 0.575597 0.203170 0.529591 0.234319 0.625229 0.184715 0.709203 0.193339 0.670683 0.166909 0.743708 0.730840 0.583044 0.762748 0.560310 0.693779 0.597074 0.654351 0.602340 0.615060 0.598550 
						0.578617 0.585151 0.268341 0.443586 0.282712 0.480033 0.263659 0.404236 0.268054 0.364701 0.281206 0.327483 0.302995 0.295345 0.490721 0.470983 0.456252 0.489604 0.529231 0.461635 0.569008 0.461277 0.607530 0.469890 0.642041 0.487685 0.183658 0.592394 0.165047 0.557918 0.192993 0.630906 0.145241 0.691242 0.151807 0.664958 0.131859 0.714143 0.707036 0.546121 0.727713 0.529182 0.681987 0.556655 0.654892 0.560419 0.627997 0.557157 0.603616 0.546711 0.309913 0.429386 0.321367 0.453537 0.305730 0.402536 0.308608 0.375333 0.318259 0.350018 0.334274 0.328875 0.509785 0.510562 0.487175 0.524818 0.535944 0.503202 0.563296 0.502811 0.589582 0.509369 0.612486 0.522745 0.144073 0.611445 0.129823 0.588831 0.151425 0.637606 0.106218 0.672224 0.109829 0.659011 0.098948 0.683534 0.681711 0.510250 0.691663 0.501112 0.669266 0.516027 0.655598 0.518027 0.642039 0.516080 0.629917 0.510265 0.350832 0.413456 0.357301 0.425318 0.348226 0.399985 0.349580 0.386239 0.354739 0.373549 0.363305 0.363186 0.530488 0.549285 0.519484 0.557125 0.543551 0.545089 0.557361 0.544792 0.570576 0.548398 0.581888 0.555665 0.105343 0.632136 0.097507 0.621129 0.109535 0.645201 
						0.067369 0.653199 0.656110 0.475174 0.391045 0.397067 0.551563 0.587253 0.645617 0.107504 0.581361 0.134938 0.553415 0.054241 0.610270 0.030160 0.703640 0.072290 0.666079 0.000000 0.904607 0.902102 0.970388 0.917208 0.957633 0.999938 0.893403 0.987895 0.835382 0.894521 0.831316 0.980484 0.765272 0.894492 0.769633 0.980092 0.696027 0.902687 0.708143 0.986948 0.630472 0.919996 0.646067 1.000000 0.307292 0.882455 0.373072 0.897562 0.360316 0.980292 0.296086 0.968248 0.238067 0.874874 0.233999 0.960836 0.167956 0.874844 0.172317 0.960444 0.098711 0.883040 0.110828 0.967300 0.033156 0.900349 0.048752 0.980353 0.101249 0.108701 0.042002 0.076254 0.076737 0.000113 0.135314 0.029210 0.165885 0.134876 0.193023 0.053370 0.233538 0.154197 0.252085 0.070834 0.303083 0.166058 0.312417 0.081396 0.373574 0.170131 0.373438 0.085025 0.444091 0.166288 0.434436 0.081706 0.513698 0.154534 0.494662 0.071443 0.433764 0.691710 0.423609 0.772703 0.408246 0.854257 0.900761 0.790417 0.822901 0.813772 0.744090 0.833432 0.663242 0.843519 0.581615 0.843466 0.498787 0.838315 0.026118 0.558499 0.022223 0.477305 0.022144 0.396079 0.031847 0.315183 0.051577 0.235977 
						0.076546 0.156834 0.347703 0.244218 0.427850 0.230654 0.508486 0.220874 0.589961 0.220846 0.670957 0.230976 0.752516 0.246314 0.410467 0.449445 0.424006 0.529596 0.433761 0.610235 0.669899 0.152059 0.598259 0.182175 0.581361 0.134938 0.645617 0.107504 0.737906 0.108172 0.703640 0.072290 0.915183 0.853439 0.990788 0.873590 0.970388 0.917208 0.904607 0.902102 0.839115 0.844669 0.835382 0.894521 0.762524 0.844383 0.765272 0.894492 0.685408 0.853085 0.696027 0.902687 0.607826 0.875869 0.630472 0.919996 0.317868 0.833792 0.393472 0.853945 0.373072 0.897562 0.307292 0.882455 0.241800 0.825022 0.238067 0.874874 0.165208 0.824735 0.167956 0.874844 0.088092 0.833438 0.098711 0.883040 0.010510 0.856223 0.033156 0.900349 0.077772 0.152625 0.010478 0.112673 0.042002 0.076254 0.101249 0.108701 0.148523 0.181681 0.165885 0.134876 0.221775 0.202663 0.233538 0.154197 0.296888 0.215515 0.303083 0.166058 0.372998 0.219963 0.373574 0.170131 0.449175 0.215881 0.444091 0.166288 0.524518 0.203275 0.513698 0.154534 0.439619 0.691986 0.429437 0.773337 0.439619 0.691986 0.445447 0.692238 0.435252 0.773929 0.429437 0.773337 0.414254 0.854790 0.420295 0.854671 
						0.414254 0.854790 0.901979 0.796326 0.824165 0.819512 0.901979 0.796326 0.902546 0.802365 0.825415 0.825249 0.824165 0.819512 0.745034 0.839222 0.745980 0.844983 0.745034 0.839222 0.663692 0.849363 0.664163 0.855177 0.663692 0.849363 0.581707 0.849327 0.581839 0.855171 0.581707 0.849327 0.499001 0.844342 0.499867 0.850322 0.499001 0.844342 0.020090 0.558256 0.016348 0.477148 0.020090 0.558256 0.014092 0.557351 0.010479 0.476978 0.016348 0.477148 0.016297 0.395599 0.010478 0.395128 0.016297 0.395599 0.026066 0.314212 0.020310 0.313267 0.026066 0.314212 0.045867 0.234654 0.040163 0.233372 0.045867 0.234654 0.070644 0.155589 0.064632 0.154987 0.070644 0.155589 0.347224 0.238204 0.427305 0.224802 0.347224 0.238204 0.347407 0.232140 0.426773 0.218955 0.427305 0.224802 0.508264 0.215012 0.508037 0.209179 0.508264 0.215012 0.590235 0.214991 0.590486 0.209163 0.590235 0.214991 0.671589 0.225149 0.672180 0.219333 0.671589 0.225149 0.753047 0.240306 0.752926 0.234265 0.753047 0.240306 0.416481 0.448968 0.429858 0.529053 0.416481 0.448968 0.422544 0.449152 0.435706 0.528522 0.429858 0.529053 0.439623 0.610015 0.445457 0.609790 0.439623 0.610015 
					</float_array>
					<technique_common>
						<accessor count="384" offset="0" source="#meshId1-tex0-array" stride="2">
							<param name="S" type="float" />
							<param name="T" type="float" />
						</accessor>
					</technique_common>
				</source>
				<vertices id="meshId1-vertices">
					<input semantic="POSITION" source="#meshId1-positions" />
				</vertices>
				<polylist count="500" material="defaultMaterial">
					<input offset="0" semantic="VERTEX" source="#meshId1-vertices" />
					<input offset="0" semantic="NORMAL" source="#meshId1-normals" />
					<input offset="0" semantic="TANGENT" source="#meshId1-tangents" />
					<input offset="0" semantic="BINORMAL" source="#meshId1-bitangents" />
					<input offset="0" semantic="TEXCOORD" source="#meshId1-tex0" set="0" />
					<vcount>
						3 3 3 3 3 3 3 3 3 3 3 3 3 3 3 3 3 3 3 3 3 3 3 3 3 3 3 3 3 3 3 3 3 3 3 3 3 3 3 3 3 3 3 3 3 3 3 3 3 3 3 3 3 3 3 3 3 3 3 3 3 3 3 3 
						3 3 3 3 3 3 3 3 3 3 3 3 3 3 3 3 3 3 3 3 3 3 3 3 3 3 3 3 3 3 3 3 3 3 3 3 3 3 3 3 3 3 3 3 3 3 3 3 3 3 3 3 3 3 3 3 3 3 3 3 3 3 3 3 
						3 3 3 3 3 3 3 3 3 3 3 3 3 3 3 3 3 3 3 3 3 3 3 3 3 3 3 3 3 3 3 3 3 3 3 3 3 3 3 3 3 3 3 3 3 3 3 3 3 3 3 3 3 3 3 3 3 3 3 3 3 3 3 3 
						3 3 3 3 3 3 3 3 3 3 3 3 3 3 3 3 3 3 3 3 3 3 3 3 3 3 3 3 3 3 3 3 3 3 3 3 3 3 3 3 3 3 3 3 3 3 3 3 3 3 3 3 3 3 3 3 3 3 3 3 3 3 3 3 
						3 3 3 3 3 3 3 3 3 3 3 3 3 3 3 3 3 3 3 3 3 3 3 3 3 3 3 3 3 3 3 3 3 3 3 3 3 3 3 3 3 3 3 3 3 3 3 3 3 3 3 3 3 3 3 3 3 3 3 3 3 3 3 3 
						3 3 3 3 3 3 3 3 3 3 3 3 3 3 3 3 3 3 3 3 3 3 3 3 3 3 3 3 3 3 3 3 3 3 3 3 3 3 3 3 3 3 3 3 3 3 3 3 3 3 3 3 3 3 3 3 3 3 3 3 3 3 3 3 
						3 3 3 3 3 3 3 3 3 3 3 3 3 3 3 3 3 3 3 3 3 3 3 3 3 3 3 3 3 3 3 3 3 3 3 3 3 3 3 3 3 3 3 3 3 3 3 3 3 3 3 3 3 3 3 3 3 3 3 3 3 3 3 3 
						3 3 3 3 3 3 3 3 3 3 3 3 3 3 3 3 3 3 3 3 3 3 3 3 3 3 3 3 3 3 3 3 3 3 3 3 3 3 3 3 3 3 3 3 3 3 3 3 3 3 3 3 
					</vcount>
					<p>
						3 0 1 1 2 3 2 1 4 4 5 2 9 6 7 7 8 9 8 7 10 10 11 8 11 10 12 12 13 11 13 12 14 14 15 13 15 14 16 16 17 15 21 18 19 19 20 21 20 19 22 22 23 20 23 22 24 24 25 23 25 24 26 26 27 25 27 26 28 28 29 27 33 30 31 31 32 33 32 31 34 34 35 32 35 34 36 36 37 35 37 36 38 38 39 37 39 38 40 40 41 39 45 42 43 43 44 45 44 43 46 46 47 44 47 46 0 0 3 47 49 3 2 2 48 49 48 2 5 5 50 48 52 9 8 8 51 52 51 8 11 11 53 51 53 11 13 13 54 53 54 13 15 15 55 54 55 15 17 17 56 55 58 21 20 20 57 58 57 20 23 23 59 57 59 23 25 25 60 59 60 25 27 27 61 60 61 27 29 29 62 61 
						64 33 32 32 63 64 63 32 35 35 65 63 65 35 37 37 66 65 66 37 39 39 67 66 67 39 41 41 68 67 70 45 44 44 69 70 69 44 47 47 71 69 71 47 3 3 49 71 73 49 48 48 72 73 72 48 50 50 74 72 76 52 51 51 75 76 75 51 53 53 77 75 77 53 54 54 78 77 78 54 55 55 79 78 79 55 56 56 80 79 82 58 57 57 81 82 81 57 59 59 83 81 83 59 60 60 84 83 84 60 61 61 85 84 85 61 62 62 86 85 88 64 63 63 87 88 87 63 65 65 89 87 89 65 66 66 90 89 90 66 67 67 91 90 91 67 68 68 92 91 94 70 69 69 93 94 93 69 71 71 95 93 95 71 49 49 73 95 97 73 72 72 96 97 96 72 74 74 98 96 100 76 75 75 99 100 99 75 77 77 101 99 
						101 77 78 78 102 101 102 78 79 79 103 102 103 79 80 80 104 103 106 82 81 81 105 106 105 81 83 83 107 105 107 83 84 84 108 107 108 84 85 85 109 108 109 85 86 86 110 109 112 88 87 87 111 112 111 87 89 89 113 111 113 89 90 90 114 113 114 90 91 91 115 114 115 91 92 92 116 115 118 94 93 93 117 118 117 93 95 95 119 117 119 95 73 73 97 119 121 97 96 96 120 121 120 96 98 98 122 120 124 100 99 99 123 124 123 99 101 101 125 123 125 101 102 102 126 125 126 102 103 103 127 126 127 103 104 104 128 127 130 106 105 105 129 130 129 105 107 107 131 129 131 107 108 108 132 131 132 108 109 109 133 132 133 109 110 110 134 133 136 112 111 111 135 136 135 111 113 113 137 135 137 113 114 114 138 137 138 114 115 115 139 138 
						139 115 116 116 140 139 142 118 117 117 141 142 141 117 119 119 143 141 143 119 97 97 121 143 145 121 120 120 144 145 144 120 122 122 146 144 148 124 123 123 147 148 147 123 125 125 149 147 149 125 126 126 150 149 150 126 127 127 151 150 151 127 128 128 152 151 154 130 129 129 153 154 153 129 131 131 155 153 155 131 132 132 156 155 156 132 133 133 157 156 157 133 134 134 158 157 160 136 135 135 159 160 159 135 137 137 161 159 161 137 138 138 162 161 162 138 139 139 163 162 163 139 140 140 164 163 166 142 141 141 165 166 165 141 143 143 167 165 167 143 121 121 145 167 169 145 144 144 168 169 168 144 146 146 170 168 172 148 147 147 171 172 171 147 149 149 173 171 173 149 150 150 174 173 174 150 151 151 175 174 175 151 152 152 176 175 178 154 153 153 177 178 
						177 153 155 155 179 177 179 155 156 156 180 179 180 156 157 157 181 180 181 157 158 158 182 181 184 160 159 159 183 184 183 159 161 161 185 183 185 161 162 162 186 185 186 162 163 163 187 186 187 163 164 164 188 187 190 166 165 165 189 190 189 165 167 167 191 189 191 167 145 145 169 191 169 168 192 168 170 192 172 171 193 171 173 193 173 174 193 174 175 193 175 176 193 178 177 194 177 179 194 179 180 194 180 181 194 181 182 194 184 183 195 183 185 195 185 186 195 186 187 195 187 188 195 190 189 192 189 191 192 191 169 192 199 196 197 197 198 199 201 200 196 196 199 201 205 202 203 203 204 205 207 206 202 202 205 207 209 208 206 206 207 209 211 210 208 208 209 211 213 212 210 210 211 213 217 214 215 215 216 217 219 218 214 214 217 219 221 220 218 218 219 221 
						223 222 220 220 221 223 225 224 222 222 223 225 229 226 227 227 228 229 231 230 226 226 229 231 233 232 230 230 231 233 235 234 232 232 233 235 237 236 234 234 235 237 239 238 236 236 237 239 241 240 238 238 239 241 198 197 240 240 241 198 0 242 243 243 1 0 1 243 244 244 4 1 6 245 246 246 7 6 7 246 247 247 10 7 10 247 248 248 12 10 12 248 249 249 14 12 14 249 250 250 16 14 18 251 252 252 19 18 19 252 253 253 22 19 22 253 254 254 24 22 24 254 255 255 26 24 26 255 256 256 28 26 30 257 258 258 31 30 31 258 259 259 34 31 34 259 260 260 36 34 36 260 261 261 38 36 38 261 262 262 40 38 42 263 264 264 43 42 43 264 265 265 46 43 46 265 242 242 0 46 269 266 267 267 268 269 271 270 266 266 269 271 
						275 272 273 273 274 275 277 276 272 272 275 277 279 278 276 276 277 279 281 280 278 278 279 281 283 282 280 280 281 283 287 284 285 285 286 287 289 288 284 284 287 289 291 290 288 288 289 291 293 292 290 290 291 293 295 294 292 292 293 295 299 296 297 297 298 299 301 300 296 296 299 301 303 302 300 300 301 303 305 304 302 302 303 305 307 306 304 304 305 307 309 308 306 306 307 309 311 310 308 308 309 311 268 267 310 310 311 268 243 242 312 312 313 243 317 314 315 315 316 317 244 243 313 313 318 244 320 317 316 316 319 320 246 245 321 321 322 246 326 323 324 324 325 326 247 246 322 322 327 247 329 326 325 325 328 329 248 247 327 327 330 248 332 329 328 328 331 332 249 248 330 330 333 249 335 332 331 331 334 335 250 249 333 333 336 250 338 335 334 334 337 338 
						252 251 339 339 340 252 344 341 342 342 343 344 253 252 340 340 345 253 347 344 343 343 346 347 254 253 345 345 348 254 350 347 346 346 349 350 255 254 348 348 351 255 353 350 349 349 352 353 256 255 351 351 354 256 356 353 352 352 355 356 258 257 357 357 358 258 362 359 360 360 361 362 259 258 358 358 363 259 365 362 361 361 364 365 260 259 363 363 366 260 368 365 364 364 367 368 261 260 366 366 369 261 371 368 367 367 370 371 262 261 369 369 372 262 374 371 370 370 373 374 264 263 375 375 376 264 380 377 378 378 379 380 265 264 376 376 381 265 383 380 379 379 382 383 382 315 314 314 383 382 381 312 242 242 265 381 
					</p>
				</polylist>
			</mesh>
		</geometry>
	</library_geometries>
	<library_visual_scenes>
		<visual_scene id="RootNode" name="RootNode">
			<node id="pCube1" name="pCube1">
				<matrix>1.000000 0.000000 0.000000 0.000000 0.000000 1.000000 0.000000 0.000000 0.000000 0.000000 1.000000 0.000000 0.000000 0.000000 0.000000 1.000000</matrix>
				<instance_geometry url="#meshId0">
					<bind_material>
						<technique_common>
							<instance_material symbol="defaultMaterial" target="#standardSurface1" />
						</technique_common>
					</bind_material>
				</instance_geometry>
			</node>
			<node id="pSphere1" name="pSphere1">
				<matrix>1.000000 0.000000 0.000000 0.000000 0.000000 1.000000 0.000000 0.000000 0.000000 0.000000 1.000000 0.000000 0.000000 0.000000 0.000000 1.000000</matrix>
				<instance_geometry url="#meshId1">
					<bind_material>
						<technique_common>
							<instance_material symbol="defaultMaterial" target="#lambert2" />
						</technique_common>
					</bind_material>
				</instance_geometry>
			</node>
		</visual_scene>
	</library_visual_scenes>
	<scene>
		<instance_visual_scene url="#RootNode" />
	</scene>
</COLLADA>
